period_start,period_end,concentration,gas,reference_standard
1989-08-01,1989-08-31,1658.8,Methane,WMOX2004a
1989-09-01,1989-09-30,1662.5,Methane,WMOX2004a
1989-10-01,1989-10-31,1667.5,Methane,WMOX2004a
1989-11-01,1989-11-30,1669.4,Methane,WMOX2004a
1989-12-01,1989-12-31,1664.1,Methane,WMOX2004a
1990-01-01,1990-01-31,1654,Methane,WMOX2004a
1990-02-01,1990-02-28,1650.9,Methane,WMOX2004a
1990-03-01,1990-03-31,1649.1,Methane,WMOX2004a
1990-04-01,1990-04-30,1653.3,Methane,WMOX2004a
1990-05-01,1990-05-31,1659.4,Methane,WMOX2004a
1990-06-01,1990-06-30,1661.2,Methane,WMOX2004a
1990-07-01,1990-07-31,1668.7,Methane,WMOX2004a
1990-08-01,1990-08-31,1669.8,Methane,WMOX2004a
1990-09-01,1990-09-30,1672.7,Methane,WMOX2004a
1990-10-01,1990-10-31,1675.9,Methane,WMOX2004a
1990-11-01,1990-11-30,1674.3,Methane,WMOX2004a
1990-12-01,1990-12-31,1669.3,Methane,WMOX2004a
1991-01-01,1991-01-31,1656.7,Methane,WMOX2004a
1991-02-01,1991-02-28,1652.6,Methane,WMOX2004a
1991-03-01,1991-03-31,NA,Methane,WMOX2004a
1991-04-01,1991-04-30,1657.5,Methane,WMOX2004a
1991-05-01,1991-05-31,1666.9,Methane,WMOX2004a
1991-06-01,1991-06-30,1676,Methane,WMOX2004a
1991-07-01,1991-07-31,1687.1,Methane,WMOX2004a
1991-08-01,1991-08-31,1690.8,Methane,WMOX2004a
1991-09-01,1991-09-30,1696.7,Methane,WMOX2004a
1991-10-01,1991-10-31,1693.9,Methane,WMOX2004a
1991-11-01,1991-11-30,1689.9,Methane,WMOX2004a
1991-12-01,1991-12-31,1680.1,Methane,WMOX2004a
1992-01-01,1992-01-31,1671.4,Methane,WMOX2004a
1992-02-01,1992-02-29,1669.2,Methane,WMOX2004a
1992-03-01,1992-03-31,1669,Methane,WMOX2004a
1992-04-01,1992-04-30,1674,Methane,WMOX2004a
1992-05-01,1992-05-31,1679.7,Methane,WMOX2004a
1992-06-01,1992-06-30,1691.6,Methane,WMOX2004a
1992-07-01,1992-07-31,1695.1,Methane,WMOX2004a
1992-08-01,1992-08-31,1699.8,Methane,WMOX2004a
1992-09-01,1992-09-30,1698.9,Methane,WMOX2004a
1992-10-01,1992-10-31,1697.7,Methane,WMOX2004a
1992-11-01,1992-11-30,1689.7,Methane,WMOX2004a
1992-12-01,1992-12-31,1686.2,Methane,WMOX2004a
1993-01-01,1993-01-31,1674.1,Methane,WMOX2004a
1993-02-01,1993-02-28,1670.8,Methane,WMOX2004a
1993-03-01,1993-03-31,1673.4,Methane,WMOX2004a
1993-04-01,1993-04-30,1674.6,Methane,WMOX2004a
1993-05-01,1993-05-31,1685.2,Methane,WMOX2004a
1993-06-01,1993-06-30,1692.3,Methane,WMOX2004a
1993-07-01,1993-07-31,1697.4,Methane,WMOX2004a
1993-08-01,1993-08-31,1697.5,Methane,WMOX2004a
1993-09-01,1993-09-30,1697.9,Methane,WMOX2004a
1993-10-01,1993-10-31,1698.7,Methane,WMOX2004a
1993-11-01,1993-11-30,1696,Methane,WMOX2004a
1993-12-01,1993-12-31,1689.1,Methane,WMOX2004a
1994-01-01,1994-01-31,1680.4,Methane,WMOX2004a
1994-02-01,1994-02-28,1676.6,Methane,WMOX2004a
1994-03-01,1994-03-31,1677,Methane,WMOX2004a
1994-04-01,1994-04-30,1684.3,Methane,WMOX2004a
1994-05-01,1994-05-31,1691.4,Methane,WMOX2004a
1994-06-01,1994-06-30,1694,Methane,WMOX2004a
1994-07-01,1994-07-31,1697,Methane,WMOX2004a
1994-08-01,1994-08-31,1704.6,Methane,WMOX2004a
1994-09-01,1994-09-30,1707.4,Methane,WMOX2004a
1994-10-01,1994-10-31,1709,Methane,WMOX2004a
1994-11-01,1994-11-30,1702.3,Methane,WMOX2004a
1994-12-01,1994-12-31,1698,Methane,WMOX2004a
1995-01-01,1995-01-31,1690.4,Methane,WMOX2004a
1995-02-01,1995-02-28,1680.9,Methane,WMOX2004a
1995-03-01,1995-03-31,1686,Methane,WMOX2004a
1995-04-01,1995-04-30,1687.2,Methane,WMOX2004a
1995-05-01,1995-05-31,1699.6,Methane,WMOX2004a
1995-06-01,1995-06-30,1703.1,Methane,WMOX2004a
1995-07-01,1995-07-31,1703.4,Methane,WMOX2004a
1995-08-01,1995-08-31,1708.4,Methane,WMOX2004a
1995-09-01,1995-09-30,1712.4,Methane,WMOX2004a
1995-10-01,1995-10-31,1714.7,Methane,WMOX2004a
1995-11-01,1995-11-30,1708.7,Methane,WMOX2004a
1995-12-01,1995-12-31,1702.5,Methane,WMOX2004a
1996-01-01,1996-01-31,1693.9,Methane,WMOX2004a
1996-02-01,1996-02-29,1684.8,Methane,WMOX2004a
1996-03-01,1996-03-31,1688.2,Methane,WMOX2004a
1996-04-01,1996-04-30,1691.6,Methane,WMOX2004a
1996-05-01,1996-05-31,1696.1,Methane,WMOX2004a
1996-06-01,1996-06-30,1703.8,Methane,WMOX2004a
1996-07-01,1996-07-31,1709.2,Methane,WMOX2004a
1996-08-01,1996-08-31,1713.9,Methane,WMOX2004a
1996-09-01,1996-09-30,1714.9,Methane,WMOX2004a
1996-10-01,1996-10-31,1714.5,Methane,WMOX2004a
1996-11-01,1996-11-30,1709.2,Methane,WMOX2004a
1996-12-01,1996-12-31,1702.4,Methane,WMOX2004a
1997-01-01,1997-01-31,1690.4,Methane,WMOX2004a
1997-02-01,1997-02-28,NA,Methane,WMOX2004a
1997-03-01,1997-03-31,1693.4,Methane,WMOX2004a
1997-04-01,1997-04-30,1695.3,Methane,WMOX2004a
1997-05-01,1997-05-31,1707.6,Methane,WMOX2004a
1997-06-01,1997-06-30,1711.5,Methane,WMOX2004a
1997-07-01,1997-07-31,1715.7,Methane,WMOX2004a
1997-08-01,1997-08-31,1717.4,Methane,WMOX2004a
1997-09-01,1997-09-30,1721.4,Methane,WMOX2004a
1997-10-01,1997-10-31,NA,Methane,WMOX2004a
1997-11-01,1997-11-30,1718.7,Methane,WMOX2004a
1997-12-01,1997-12-31,1712.6,Methane,WMOX2004a
1998-01-01,1998-01-31,1706.4,Methane,WMOX2004a
1998-02-01,1998-02-28,1697.7,Methane,WMOX2004a
1998-03-01,1998-03-31,1695.2,Methane,WMOX2004a
1998-04-01,1998-04-30,1713.3,Methane,WMOX2004a
1998-05-01,1998-05-31,1711,Methane,WMOX2004a
1998-06-01,1998-06-30,1716.7,Methane,WMOX2004a
1998-07-01,1998-07-31,1731.8,Methane,WMOX2004a
1998-08-01,1998-08-31,1727.4,Methane,WMOX2004a
1998-09-01,1998-09-30,1732.6,Methane,WMOX2004a
1998-10-01,1998-10-31,1736.3,Methane,WMOX2004a
1998-11-01,1998-11-30,1730.4,Methane,WMOX2004a
1998-12-01,1998-12-31,1725.5,Methane,WMOX2004a
1999-01-01,1999-01-31,1711.1,Methane,WMOX2004a
1999-02-01,1999-02-28,1711.2,Methane,WMOX2004a
1999-03-01,1999-03-31,1710.9,Methane,WMOX2004a
1999-04-01,1999-04-30,1720.3,Methane,WMOX2004a
1999-05-01,1999-05-31,1715.7,Methane,WMOX2004a
1999-06-01,1999-06-30,1723.8,Methane,WMOX2004a
1999-07-01,1999-07-31,1734.2,Methane,WMOX2004a
1999-08-01,1999-08-31,1738,Methane,WMOX2004a
1999-09-01,1999-09-30,1737.4,Methane,WMOX2004a
1999-10-01,1999-10-31,1740,Methane,WMOX2004a
1999-11-01,1999-11-30,1734.2,Methane,WMOX2004a
1999-12-01,1999-12-31,1729,Methane,WMOX2004a
2000-01-01,2000-01-31,1715.1,Methane,WMOX2004a
2000-02-01,2000-02-29,1712.6,Methane,WMOX2004a
2000-03-01,2000-03-31,1711.9,Methane,WMOX2004a
2000-04-01,2000-04-30,NA,Methane,WMOX2004a
2000-05-01,2000-05-31,1718.8,Methane,WMOX2004a
2000-06-01,2000-06-30,1725.9,Methane,WMOX2004a
2000-07-01,2000-07-31,1740.1,Methane,WMOX2004a
2000-08-01,2000-08-31,1739.3,Methane,WMOX2004a
2000-09-01,2000-09-30,1740.5,Methane,WMOX2004a
2000-10-01,2000-10-31,1744.1,Methane,WMOX2004a
2000-11-01,2000-11-30,1735.3,Methane,WMOX2004a
2000-12-01,2000-12-31,1739.3,Methane,WMOX2004a
2001-01-01,2001-01-31,1720.4,Methane,WMOX2004a
2001-02-01,2001-02-28,1720.3,Methane,WMOX2004a
2001-03-01,2001-03-31,1713.5,Methane,WMOX2004a
2001-04-01,2001-04-30,1718.3,Methane,WMOX2004a
2001-05-01,2001-05-31,1726.3,Methane,WMOX2004a
2001-06-01,2001-06-30,1731.4,Methane,WMOX2004a
2001-07-01,2001-07-31,1737.3,Methane,WMOX2004a
2001-08-01,2001-08-31,1738.9,Methane,WMOX2004a
2001-09-01,2001-09-30,1741.5,Methane,WMOX2004a
2001-10-01,2001-10-31,1739.6,Methane,WMOX2004a
2001-11-01,2001-11-30,1734.1,Methane,WMOX2004a
2001-12-01,2001-12-31,1731,Methane,WMOX2004a
2002-01-01,2002-01-31,1717.9,Methane,WMOX2004a
2002-02-01,2002-02-28,1714.8,Methane,WMOX2004a
2002-03-01,2002-03-31,1715.1,Methane,WMOX2004a
2002-04-01,2002-04-30,1722.7,Methane,WMOX2004a
2002-05-01,2002-05-31,1735.2,Methane,WMOX2004a
2002-06-01,2002-06-30,1735.7,Methane,WMOX2004a
2002-07-01,2002-07-31,1742.5,Methane,WMOX2004a
2002-08-01,2002-08-31,1744,Methane,WMOX2004a
2002-09-01,2002-09-30,1747,Methane,WMOX2004a
2002-10-01,2002-10-31,1747.1,Methane,WMOX2004a
2002-11-01,2002-11-30,1742.1,Methane,WMOX2004a
2002-12-01,2002-12-31,1732.8,Methane,WMOX2004a
2003-01-01,2003-01-31,1725.1,Methane,WMOX2004a
2003-02-01,2003-02-28,1719.1,Methane,WMOX2004a
2003-03-01,2003-03-31,1717.7,Methane,WMOX2004a
2003-04-01,2003-04-30,1722.6,Methane,WMOX2004a
2003-05-01,2003-05-31,1726,Methane,WMOX2004a
2003-06-01,2003-06-30,1744.4,Methane,WMOX2004a
2003-07-01,2003-07-31,1737.9,Methane,WMOX2004a
2003-08-01,2003-08-31,1749.5,Methane,WMOX2004a
2003-09-01,2003-09-30,1747.1,Methane,WMOX2004a
2003-10-01,2003-10-31,1745.2,Methane,WMOX2004a
2003-11-01,2003-11-30,1742.7,Methane,WMOX2004a
2003-12-01,2003-12-31,1733.5,Methane,WMOX2004a
2004-01-01,2004-01-31,1724.2,Methane,WMOX2004a
2004-02-01,2004-02-29,1716.7,Methane,WMOX2004a
2004-03-01,2004-03-31,1715.3,Methane,WMOX2004a
2004-04-01,2004-04-30,1716.7,Methane,WMOX2004a
2004-05-01,2004-05-31,1723.8,Methane,WMOX2004a
2004-06-01,2004-06-30,1732.9,Methane,WMOX2004a
2004-07-01,2004-07-31,1741.3,Methane,WMOX2004a
2004-08-01,2004-08-31,1745.4,Methane,WMOX2004a
2004-09-01,2004-09-30,1746,Methane,WMOX2004a
2004-10-01,2004-10-31,1742.1,Methane,WMOX2004a
2004-11-01,2004-11-30,1730.2,Methane,WMOX2004a
2004-12-01,2004-12-31,1734.7,Methane,WMOX2004a
2005-01-01,2005-01-31,1723,Methane,WMOX2004a
2005-02-01,2005-02-28,1714,Methane,WMOX2004a
2005-03-01,2005-03-31,1718,Methane,WMOX2004a
2005-04-01,2005-04-30,1718,Methane,WMOX2004a
2005-05-01,2005-05-31,1729.1,Methane,WMOX2004a
2005-06-01,2005-06-30,1730.9,Methane,WMOX2004a
2005-07-01,2005-07-31,1736.5,Methane,WMOX2004a
2005-08-01,2005-08-31,1749.9,Methane,WMOX2004a
2005-09-01,2005-09-30,1746.4,Methane,WMOX2004a
2005-10-01,2005-10-31,1743,Methane,WMOX2004a
2005-11-01,2005-11-30,1736.6,Methane,WMOX2004a
2005-12-01,2005-12-31,1730.5,Methane,WMOX2004a
2006-01-01,2006-01-31,1719.7,Methane,WMOX2004a
2006-02-01,2006-02-28,1717.6,Methane,WMOX2004a
2006-03-01,2006-03-31,1715,Methane,WMOX2004a
2006-04-01,2006-04-30,1722.4,Methane,WMOX2004a
2006-05-01,2006-05-31,1728.4,Methane,WMOX2004a
2006-06-01,2006-06-30,1730.9,Methane,WMOX2004a
2006-07-01,2006-07-31,1739.1,Methane,WMOX2004a
2006-08-01,2006-08-31,1748.5,Methane,WMOX2004a
2006-09-01,2006-09-30,1743.7,Methane,WMOX2004a
2006-10-01,2006-10-31,1743.2,Methane,WMOX2004a
2006-11-01,2006-11-30,1737.6,Methane,WMOX2004a
2006-12-01,2006-12-31,1732.6,Methane,WMOX2004a
2007-01-01,2007-01-31,1728.3,Methane,WMOX2004a
2007-02-01,2007-02-28,1721.2,Methane,WMOX2004a
2007-03-01,2007-03-31,1718.9,Methane,WMOX2004a
2007-04-01,2007-04-30,1721.9,Methane,WMOX2004a
2007-05-01,2007-05-31,1733.3,Methane,WMOX2004a
2007-06-01,2007-06-30,1739.6,Methane,WMOX2004a
2007-07-01,2007-07-31,1741.4,Methane,WMOX2004a
2007-08-01,2007-08-31,1750,Methane,WMOX2004a
2007-09-01,2007-09-30,1753.1,Methane,WMOX2004a
2007-10-01,2007-10-31,1749.6,Methane,WMOX2004a
2007-11-01,2007-11-30,1744.4,Methane,WMOX2004a
2007-12-01,2007-12-31,1738.9,Methane,WMOX2004a
2008-01-01,2008-01-31,1728.8,Methane,WMOX2004a
2008-02-01,2008-02-29,1726.2,Methane,WMOX2004a
2008-03-01,2008-03-31,1726.9,Methane,WMOX2004a
2008-04-01,2008-04-30,1731.3,Methane,WMOX2004a
2008-05-01,2008-05-31,1740.4,Methane,WMOX2004a
2008-06-01,2008-06-30,1749.1,Methane,WMOX2004a
2008-07-01,2008-07-31,1753.5,Methane,WMOX2004a
2008-08-01,2008-08-31,1756.4,Methane,WMOX2004a
2008-09-01,2008-09-30,1755.2,Methane,WMOX2004a
2008-10-01,2008-10-31,1758.3,Methane,WMOX2004a
2008-11-01,2008-11-30,1754.8,Methane,WMOX2004a
2008-12-01,2008-12-31,1744.4,Methane,WMOX2004a
2009-01-01,2009-01-31,1732.8,Methane,WMOX2004a
2009-02-01,2009-02-28,1729.1,Methane,WMOX2004a
2009-03-01,2009-03-31,1729.5,Methane,WMOX2004a
2009-04-01,2009-04-30,1732.6,Methane,WMOX2004a
2009-05-01,2009-05-31,1741.7,Methane,WMOX2004a
2009-06-01,2009-06-30,1749,Methane,WMOX2004a
2009-07-01,2009-07-31,1754.8,Methane,WMOX2004a
2009-08-01,2009-08-31,1757.9,Methane,WMOX2004a
2009-09-01,2009-09-30,1761.1,Methane,WMOX2004a
2009-10-01,2009-10-31,1761.2,Methane,WMOX2004a
2009-11-01,2009-11-30,1754.3,Methane,WMOX2004a
2009-12-01,2009-12-31,1749.6,Methane,WMOX2004a
2010-01-01,2010-01-31,1741.5,Methane,WMOX2004a
2010-02-01,2010-02-28,1733.4,Methane,WMOX2004a
2010-03-01,2010-03-31,1734.8,Methane,WMOX2004a
2010-04-01,2010-04-30,1741.5,Methane,WMOX2004a
2010-05-01,2010-05-31,1750.9,Methane,WMOX2004a
2010-06-01,2010-06-30,1753.5,Methane,WMOX2004a
2010-07-01,2010-07-31,1763.5,Methane,WMOX2004a
2010-08-01,2010-08-31,1772.9,Methane,WMOX2004a
2010-09-01,2010-09-30,NA,Methane,WMOX2004a
2010-10-01,2010-10-31,1768.2,Methane,WMOX2004a
2010-11-01,2010-11-30,1765.3,Methane,WMOX2004a
2010-12-01,2010-12-31,1760.4,Methane,WMOX2004a
2011-01-01,2011-01-31,1747.9,Methane,WMOX2004a
2011-02-01,2011-02-28,1747.8,Methane,WMOX2004a
2011-03-01,2011-03-31,1744.4,Methane,WMOX2004a
2011-04-01,2011-04-30,1750.6,Methane,WMOX2004a
2011-05-01,2011-05-31,1753.7,Methane,WMOX2004a
2011-06-01,2011-06-30,1764.3,Methane,WMOX2004a
2011-07-01,2011-07-31,1768.6,Methane,WMOX2004a
2011-08-01,2011-08-31,1776,Methane,WMOX2004a
2011-09-01,2011-09-30,1775.7,Methane,WMOX2004a
2011-10-01,2011-10-31,1774.8,Methane,WMOX2004a
2011-11-01,2011-11-30,1766.1,Methane,WMOX2004a
2011-12-01,2011-12-31,1758.8,Methane,WMOX2004a
2012-01-01,2012-01-31,1751.7,Methane,WMOX2004a
2012-02-01,2012-02-29,1746.4,Methane,WMOX2004a
2012-03-01,2012-03-31,1748.9,Methane,WMOX2004a
2012-04-01,2012-04-30,1749.8,Methane,WMOX2004a
2012-05-01,2012-05-31,1759.9,Methane,WMOX2004a
2012-06-01,2012-06-30,1768.8,Methane,WMOX2004a
2012-07-01,2012-07-31,1773.2,Methane,WMOX2004a
2012-08-01,2012-08-31,1779.5,Methane,WMOX2004a
2012-09-01,2012-09-30,1781.4,Methane,WMOX2004a
2012-10-01,2012-10-31,1780.8,Methane,WMOX2004a
2012-11-01,2012-11-30,1771.7,Methane,WMOX2004a
2012-12-01,2012-12-31,1752.3,Methane,WMOX2004a
2013-01-01,2013-01-31,1755.7,Methane,WMOX2004a
2013-02-01,2013-02-28,1749.5,Methane,WMOX2004a
2013-03-01,2013-03-31,1754.5,Methane,WMOX2004a
2013-04-01,2013-04-30,1761,Methane,WMOX2004a
2013-05-01,2013-05-31,1767.9,Methane,WMOX2004a
2013-06-01,2013-06-30,1772.3,Methane,WMOX2004a
2013-07-01,2013-07-31,1775.3,Methane,WMOX2004a
2013-08-01,2013-08-31,1787.2,Methane,WMOX2004a
2013-09-01,2013-09-30,1786.4,Methane,WMOX2004a
2013-10-01,2013-10-31,1783.4,Methane,WMOX2004a
2013-11-01,2013-11-30,1775.4,Methane,WMOX2004a
2013-12-01,2013-12-31,1770,Methane,WMOX2004a
2014-01-01,2014-01-31,1761.3,Methane,WMOX2004a
2014-02-01,2014-02-28,1752.2,Methane,WMOX2004a
2014-03-01,2014-03-31,1758,Methane,WMOX2004a
2014-04-01,2014-04-30,1770.5,Methane,WMOX2004a
2014-05-01,2014-05-31,1773.7,Methane,WMOX2004a
2014-06-01,2014-06-30,1784.3,Methane,WMOX2004a
2014-07-01,2014-07-31,1790.1,Methane,WMOX2004a
2014-08-01,2014-08-31,1792.4,Methane,WMOX2004a
2014-09-01,2014-09-30,1794.4,Methane,WMOX2004a
2014-10-01,2014-10-31,1793.4,Methane,WMOX2004a
2014-11-01,2014-11-30,1791.5,Methane,WMOX2004a
2014-12-01,2014-12-31,1783.1,Methane,WMOX2004a
2015-01-01,2015-01-31,1773,Methane,WMOX2004a
2015-02-01,2015-02-28,1767.1,Methane,WMOX2004a
2015-03-01,2015-03-31,1776.2,Methane,WMOX2004a
2015-04-01,2015-04-30,1777,Methane,WMOX2004a
2015-05-01,2015-05-31,NA,Methane,WMOX2004a
2015-06-01,2015-06-30,1788.3,Methane,WMOX2004a
2015-07-01,2015-07-31,1802.3,Methane,WMOX2004a
2015-08-01,2015-08-31,NA,Methane,WMOX2004a
2015-09-01,2015-09-30,1805.4,Methane,WMOX2004a
2015-10-01,2015-10-31,1803.5,Methane,WMOX2004a
2015-11-01,2015-11-30,1798,Methane,WMOX2004a
2015-12-01,2015-12-31,1791.3,Methane,WMOX2004a
2016-01-01,2016-01-31,1778.4,Methane,WMOX2004a
2016-02-01,2016-02-29,NA,Methane,WMOX2004a
2016-03-01,2016-03-31,1777.2,Methane,WMOX2004a
2016-04-01,2016-04-30,1778.7,Methane,WMOX2004a
2016-05-01,2016-05-31,1795.1,Methane,WMOX2004a
2016-06-01,2016-06-30,1805.8,Methane,WMOX2004a
2016-07-01,2016-07-31,NA,Methane,WMOX2004a
2016-08-01,2016-08-31,1805.4,Methane,WMOX2004a
2016-09-01,2016-09-30,1810.4,Methane,WMOX2004a
2016-10-01,2016-10-31,NA,Methane,WMOX2004a
2016-11-01,2016-11-30,NA,Methane,WMOX2004a
2016-12-01,2016-12-31,NA,Methane,WMOX2004a
2017-01-01,2017-01-31,1784.7,Methane,WMOX2004a
2017-02-01,2017-02-28,1781.4,Methane,WMOX2004a
2017-03-01,2017-03-31,1781.8,Methane,WMOX2004a
2017-04-01,2017-04-30,1791.5,Methane,WMOX2004a
2017-05-01,2017-05-31,1794.4,Methane,WMOX2004a
2017-06-01,2017-06-30,1805.8,Methane,WMOX2004a
2017-07-01,2017-07-31,1813.2,Methane,WMOX2004a
2017-08-01,2017-08-31,1815.5,Methane,WMOX2004a
2017-09-01,2017-09-30,1820.4,Methane,WMOX2004a
2017-10-01,2017-10-31,1818.2,Methane,WMOX2004a
2017-11-01,2017-11-30,1812.9,Methane,WMOX2004a
2017-12-01,2017-12-31,1803.8,Methane,WMOX2004a
2018-01-01,2018-01-31,1797.8,Methane,WMOX2004a
2018-02-01,2018-02-28,1796.3,Methane,WMOX2004a
2018-03-01,2018-03-31,1791.3,Methane,WMOX2004a
2018-04-01,2018-04-30,1799.4,Methane,WMOX2004a
2018-05-01,2018-05-31,1811.3,Methane,WMOX2004a
2018-06-01,2018-06-30,1818.2,Methane,WMOX2004a
2018-07-01,2018-07-31,1825.7,Methane,WMOX2004a
2018-08-01,2018-08-31,1833,Methane,WMOX2004a
2018-09-01,2018-09-30,1832.9,Methane,WMOX2004a
2018-10-01,2018-10-31,1829.3,Methane,WMOX2004a
2018-11-01,2018-11-30,1824,Methane,WMOX2004a
2018-12-01,2018-12-31,1814.1,Methane,WMOX2004a
2019-01-01,2019-01-31,1806.7,Methane,WMOX2004a
2019-02-01,2019-02-28,1799.3,Methane,WMOX2004a
2019-03-01,2019-03-31,1803.5,Methane,WMOX2004a
2019-04-01,2019-04-30,1809.6,Methane,WMOX2004a
2019-05-01,2019-05-31,1815.6,Methane,WMOX2004a
2019-06-01,2019-06-30,1819.2,Methane,WMOX2004a
2019-07-01,2019-07-31,1828.9,Methane,WMOX2004a
2019-08-01,2019-08-31,1834.8,Methane,WMOX2004a
2019-09-01,2019-09-30,1837.5,Methane,WMOX2004a
2019-10-01,2019-10-31,1835.9,Methane,WMOX2004a
2019-11-01,2019-11-30,1826.9,Methane,WMOX2004a
2019-12-01,2019-12-31,1825.4,Methane,WMOX2004a
2000-09-01,2000-09-30,64.2,Carbon monoxide,WMOX2014a
2000-10-01,2000-10-31,70.1,Carbon monoxide,WMOX2014a
2000-11-01,2000-11-30,55.6,Carbon monoxide,WMOX2014a
2000-12-01,2000-12-31,62.2,Carbon monoxide,WMOX2014a
2001-01-01,2001-01-31,NA,Carbon monoxide,WMOX2014a
2001-02-01,2001-02-28,49.5,Carbon monoxide,WMOX2014a
2001-03-01,2001-03-31,46.3,Carbon monoxide,WMOX2014a
2001-04-01,2001-04-30,57.9,Carbon monoxide,WMOX2014a
2001-05-01,2001-05-31,55.5,Carbon monoxide,WMOX2014a
2001-06-01,2001-06-30,55.8,Carbon monoxide,WMOX2014a
2001-07-01,2001-07-31,60.8,Carbon monoxide,WMOX2014a
2001-08-01,2001-08-31,65,Carbon monoxide,WMOX2014a
2001-09-01,2001-09-30,75.4,Carbon monoxide,WMOX2014a
2001-10-01,2001-10-31,72.5,Carbon monoxide,WMOX2014a
2001-11-01,2001-11-30,65.7,Carbon monoxide,WMOX2014a
2001-12-01,2001-12-31,53.1,Carbon monoxide,WMOX2014a
2002-01-01,2002-01-31,51.2,Carbon monoxide,WMOX2014a
2002-02-01,2002-02-28,44.6,Carbon monoxide,WMOX2014a
2002-03-01,2002-03-31,62.3,Carbon monoxide,WMOX2014a
2002-04-01,2002-04-30,53.9,Carbon monoxide,WMOX2014a
2002-05-01,2002-05-31,60.8,Carbon monoxide,WMOX2014a
2002-06-01,2002-06-30,60.2,Carbon monoxide,WMOX2014a
2002-07-01,2002-07-31,63.9,Carbon monoxide,WMOX2014a
2002-08-01,2002-08-31,71.9,Carbon monoxide,WMOX2014a
2002-09-01,2002-09-30,67.4,Carbon monoxide,WMOX2014a
2002-10-01,2002-10-31,74.1,Carbon monoxide,WMOX2014a
2002-11-01,2002-11-30,70.9,Carbon monoxide,WMOX2014a
2002-12-01,2002-12-31,82.2,Carbon monoxide,WMOX2014a
2003-01-01,2003-01-31,52.5,Carbon monoxide,WMOX2014a
2003-02-01,2003-02-28,54.4,Carbon monoxide,WMOX2014a
2003-03-01,2003-03-31,57.7,Carbon monoxide,WMOX2014a
2003-04-01,2003-04-30,54.9,Carbon monoxide,WMOX2014a
2003-05-01,2003-05-31,55.6,Carbon monoxide,WMOX2014a
2003-06-01,2003-06-30,62.7,Carbon monoxide,WMOX2014a
2003-07-01,2003-07-31,60.4,Carbon monoxide,WMOX2014a
2003-08-01,2003-08-31,74.2,Carbon monoxide,WMOX2014a
2003-09-01,2003-09-30,71.1,Carbon monoxide,WMOX2014a
2003-10-01,2003-10-31,73.7,Carbon monoxide,WMOX2014a
2003-11-01,2003-11-30,71.9,Carbon monoxide,WMOX2014a
2003-12-01,2003-12-31,59.7,Carbon monoxide,WMOX2014a
2004-01-01,2004-01-31,53.5,Carbon monoxide,WMOX2014a
2004-02-01,2004-02-29,46.3,Carbon monoxide,WMOX2014a
2004-03-01,2004-03-31,47.1,Carbon monoxide,WMOX2014a
2004-04-01,2004-04-30,48.8,Carbon monoxide,WMOX2014a
2004-05-01,2004-05-31,52.2,Carbon monoxide,WMOX2014a
2004-06-01,2004-06-30,56.8,Carbon monoxide,WMOX2014a
2004-07-01,2004-07-31,61.9,Carbon monoxide,WMOX2014a
2004-08-01,2004-08-31,64.8,Carbon monoxide,WMOX2014a
2004-09-01,2004-09-30,66.6,Carbon monoxide,WMOX2014a
2004-10-01,2004-10-31,66.8,Carbon monoxide,WMOX2014a
2004-11-01,2004-11-30,54.8,Carbon monoxide,WMOX2014a
2004-12-01,2004-12-31,60.8,Carbon monoxide,WMOX2014a
2005-01-01,2005-01-31,56.3,Carbon monoxide,WMOX2014a
2005-02-01,2005-02-28,47.5,Carbon monoxide,WMOX2014a
2005-03-01,2005-03-31,47.5,Carbon monoxide,WMOX2014a
2005-04-01,2005-04-30,48.3,Carbon monoxide,WMOX2014a
2005-05-01,2005-05-31,52.4,Carbon monoxide,WMOX2014a
2005-06-01,2005-06-30,60,Carbon monoxide,WMOX2014a
2005-07-01,2005-07-31,63.9,Carbon monoxide,WMOX2014a
2005-08-01,2005-08-31,69.9,Carbon monoxide,WMOX2014a
2005-09-01,2005-09-30,76.6,Carbon monoxide,WMOX2014a
2005-10-01,2005-10-31,75.3,Carbon monoxide,WMOX2014a
2005-11-01,2005-11-30,73.9,Carbon monoxide,WMOX2014a
2005-12-01,2005-12-31,64.6,Carbon monoxide,WMOX2014a
2006-01-01,2006-01-31,48.2,Carbon monoxide,WMOX2014a
2006-02-01,2006-02-28,60.9,Carbon monoxide,WMOX2014a
2006-03-01,2006-03-31,46.2,Carbon monoxide,WMOX2014a
2006-04-01,2006-04-30,51.8,Carbon monoxide,WMOX2014a
2006-05-01,2006-05-31,53.6,Carbon monoxide,WMOX2014a
2006-06-01,2006-06-30,57.3,Carbon monoxide,WMOX2014a
2006-07-01,2006-07-31,61.9,Carbon monoxide,WMOX2014a
2006-08-01,2006-08-31,65.6,Carbon monoxide,WMOX2014a
2006-09-01,2006-09-30,65.5,Carbon monoxide,WMOX2014a
2006-10-01,2006-10-31,70.8,Carbon monoxide,WMOX2014a
2006-11-01,2006-11-30,60.5,Carbon monoxide,WMOX2014a
2006-12-01,2006-12-31,60.7,Carbon monoxide,WMOX2014a
2007-01-01,2007-01-31,59.5,Carbon monoxide,WMOX2014a
2007-02-01,2007-02-28,51.4,Carbon monoxide,WMOX2014a
2007-03-01,2007-03-31,51.4,Carbon monoxide,WMOX2014a
2007-04-01,2007-04-30,48.2,Carbon monoxide,WMOX2014a
2007-05-01,2007-05-31,59.7,Carbon monoxide,WMOX2014a
2007-06-01,2007-06-30,59.6,Carbon monoxide,WMOX2014a
2007-07-01,2007-07-31,61.6,Carbon monoxide,WMOX2014a
2007-08-01,2007-08-31,68.4,Carbon monoxide,WMOX2014a
2007-09-01,2007-09-30,72.2,Carbon monoxide,WMOX2014a
2007-10-01,2007-10-31,68.8,Carbon monoxide,WMOX2014a
2007-11-01,2007-11-30,67.5,Carbon monoxide,WMOX2014a
2007-12-01,2007-12-31,58.9,Carbon monoxide,WMOX2014a
2008-01-01,2008-01-31,51.4,Carbon monoxide,WMOX2014a
2008-02-01,2008-02-29,61.7,Carbon monoxide,WMOX2014a
2008-03-01,2008-03-31,49.8,Carbon monoxide,WMOX2014a
2008-04-01,2008-04-30,48.1,Carbon monoxide,WMOX2014a
2008-05-01,2008-05-31,61.9,Carbon monoxide,WMOX2014a
2008-06-01,2008-06-30,58.9,Carbon monoxide,WMOX2014a
2008-07-01,2008-07-31,62.4,Carbon monoxide,WMOX2014a
2008-08-01,2008-08-31,64.5,Carbon monoxide,WMOX2014a
2008-09-01,2008-09-30,64.6,Carbon monoxide,WMOX2014a
2008-10-01,2008-10-31,66.2,Carbon monoxide,WMOX2014a
2008-11-01,2008-11-30,67.5,Carbon monoxide,WMOX2014a
2008-12-01,2008-12-31,52.8,Carbon monoxide,WMOX2014a
2009-01-01,2009-01-31,45.8,Carbon monoxide,WMOX2014a
2009-02-01,2009-02-28,46.4,Carbon monoxide,WMOX2014a
2009-03-01,2009-03-31,44.9,Carbon monoxide,WMOX2014a
2009-04-01,2009-04-30,45.4,Carbon monoxide,WMOX2014a
2009-05-01,2009-05-31,50,Carbon monoxide,WMOX2014a
2009-06-01,2009-06-30,56.8,Carbon monoxide,WMOX2014a
2009-07-01,2009-07-31,67.7,Carbon monoxide,WMOX2014a
2009-08-01,2009-08-31,59.2,Carbon monoxide,WMOX2014a
2009-09-01,2009-09-30,60.6,Carbon monoxide,WMOX2014a
2009-10-01,2009-10-31,56.7,Carbon monoxide,WMOX2014a
2009-11-01,2009-11-30,54.1,Carbon monoxide,WMOX2014a
2009-12-01,2009-12-31,54.9,Carbon monoxide,WMOX2014a
2010-01-01,2010-01-31,52.1,Carbon monoxide,WMOX2014a
2010-02-01,2010-02-28,NA,Carbon monoxide,WMOX2014a
2010-03-01,2010-03-31,46.2,Carbon monoxide,WMOX2014a
2010-04-01,2010-04-30,42.2,Carbon monoxide,WMOX2014a
2010-05-01,2010-05-31,50.9,Carbon monoxide,WMOX2014a
2010-06-01,2010-06-30,56.3,Carbon monoxide,WMOX2014a
2010-07-01,2010-07-31,64.7,Carbon monoxide,WMOX2014a
2010-08-01,2010-08-31,67.2,Carbon monoxide,WMOX2014a
2010-09-01,2010-09-30,65.2,Carbon monoxide,WMOX2014a
2010-10-01,2010-10-31,69.8,Carbon monoxide,WMOX2014a
2010-11-01,2010-11-30,63.5,Carbon monoxide,WMOX2014a
2010-12-01,2010-12-31,68.3,Carbon monoxide,WMOX2014a
2011-01-01,2011-01-31,52.3,Carbon monoxide,WMOX2014a
2011-02-01,2011-02-28,50.4,Carbon monoxide,WMOX2014a
2011-03-01,2011-03-31,45.3,Carbon monoxide,WMOX2014a
2011-04-01,2011-04-30,47.5,Carbon monoxide,WMOX2014a
2011-05-01,2011-05-31,58.1,Carbon monoxide,WMOX2014a
2011-06-01,2011-06-30,53.7,Carbon monoxide,WMOX2014a
2011-07-01,2011-07-31,58.2,Carbon monoxide,WMOX2014a
2011-08-01,2011-08-31,64.4,Carbon monoxide,WMOX2014a
2011-09-01,2011-09-30,64.9,Carbon monoxide,WMOX2014a
2011-10-01,2011-10-31,66.4,Carbon monoxide,WMOX2014a
2011-11-01,2011-11-30,60.7,Carbon monoxide,WMOX2014a
2011-12-01,2011-12-31,56.1,Carbon monoxide,WMOX2014a
2012-01-01,2012-01-31,48.4,Carbon monoxide,WMOX2014a
2012-02-01,2012-02-29,50.3,Carbon monoxide,WMOX2014a
2012-03-01,2012-03-31,44.9,Carbon monoxide,WMOX2014a
2012-04-01,2012-04-30,47.5,Carbon monoxide,WMOX2014a
2012-05-01,2012-05-31,50.1,Carbon monoxide,WMOX2014a
2012-06-01,2012-06-30,55.4,Carbon monoxide,WMOX2014a
2012-07-01,2012-07-31,58.8,Carbon monoxide,WMOX2014a
2012-08-01,2012-08-31,60.5,Carbon monoxide,WMOX2014a
2012-09-01,2012-09-30,61.2,Carbon monoxide,WMOX2014a
2012-10-01,2012-10-31,63.3,Carbon monoxide,WMOX2014a
2012-11-01,2012-11-30,56.6,Carbon monoxide,WMOX2014a
2012-12-01,2012-12-31,52.8,Carbon monoxide,WMOX2014a
2013-01-01,2013-01-31,47,Carbon monoxide,WMOX2014a
2013-02-01,2013-02-28,45.8,Carbon monoxide,WMOX2014a
2013-03-01,2013-03-31,47.2,Carbon monoxide,WMOX2014a
2013-04-01,2013-04-30,51.3,Carbon monoxide,WMOX2014a
2013-05-01,2013-05-31,50.4,Carbon monoxide,WMOX2014a
2013-06-01,2013-06-30,52.7,Carbon monoxide,WMOX2014a
2013-07-01,2013-07-31,55.6,Carbon monoxide,WMOX2014a
2013-08-01,2013-08-31,59.7,Carbon monoxide,WMOX2014a
2013-09-01,2013-09-30,62.3,Carbon monoxide,WMOX2014a
2013-10-01,2013-10-31,63,Carbon monoxide,WMOX2014a
2013-11-01,2013-11-30,55.6,Carbon monoxide,WMOX2014a
2013-12-01,2013-12-31,48.6,Carbon monoxide,WMOX2014a
2014-01-01,2014-01-31,44.7,Carbon monoxide,WMOX2014a
2014-02-01,2014-02-28,43.6,Carbon monoxide,WMOX2014a
2014-03-01,2014-03-31,43.7,Carbon monoxide,WMOX2014a
2014-04-01,2014-04-30,49.2,Carbon monoxide,WMOX2014a
2014-05-01,2014-05-31,52.2,Carbon monoxide,WMOX2014a
2014-06-01,2014-06-30,55.3,Carbon monoxide,WMOX2014a
2014-07-01,2014-07-31,59.9,Carbon monoxide,WMOX2014a
2014-08-01,2014-08-31,62.2,Carbon monoxide,WMOX2014a
2014-09-01,2014-09-30,59.4,Carbon monoxide,WMOX2014a
2014-10-01,2014-10-31,59.7,Carbon monoxide,WMOX2014a
2014-11-01,2014-11-30,55.9,Carbon monoxide,WMOX2014a
2014-12-01,2014-12-31,50.3,Carbon monoxide,WMOX2014a
2015-01-01,2015-01-31,43.3,Carbon monoxide,WMOX2014a
2015-02-01,2015-02-28,41.8,Carbon monoxide,WMOX2014a
2015-03-01,2015-03-31,43.5,Carbon monoxide,WMOX2014a
2015-04-01,2015-04-30,45.9,Carbon monoxide,WMOX2014a
2015-05-01,2015-05-31,NA,Carbon monoxide,WMOX2014a
2015-06-01,2015-06-30,52.2,Carbon monoxide,WMOX2014a
2015-07-01,2015-07-31,58.6,Carbon monoxide,WMOX2014a
2015-08-01,2015-08-31,NA,Carbon monoxide,WMOX2014a
2015-09-01,2015-09-30,61.9,Carbon monoxide,WMOX2014a
2015-10-01,2015-10-31,61.9,Carbon monoxide,WMOX2014a
2015-11-01,2015-11-30,58.1,Carbon monoxide,WMOX2014a
2015-12-01,2015-12-31,54,Carbon monoxide,WMOX2014a
2016-01-01,2016-01-31,49.9,Carbon monoxide,WMOX2014a
2016-02-01,2016-02-29,NA,Carbon monoxide,WMOX2014a
2016-03-01,2016-03-31,45.9,Carbon monoxide,WMOX2014a
2016-04-01,2016-04-30,49.2,Carbon monoxide,WMOX2014a
2016-05-01,2016-05-31,53.9,Carbon monoxide,WMOX2014a
2016-06-01,2016-06-30,58.3,Carbon monoxide,WMOX2014a
2016-07-01,2016-07-31,NA,Carbon monoxide,WMOX2014a
2016-08-01,2016-08-31,62.1,Carbon monoxide,WMOX2014a
2016-09-01,2016-09-30,63.6,Carbon monoxide,WMOX2014a
2016-10-01,2016-10-31,NA,Carbon monoxide,WMOX2014a
2016-11-01,2016-11-30,61.8,Carbon monoxide,WMOX2014a
2016-12-01,2016-12-31,NA,Carbon monoxide,WMOX2014a
2017-01-01,2017-01-31,43.4,Carbon monoxide,WMOX2014a
2017-02-01,2017-02-28,44.6,Carbon monoxide,WMOX2014a
2017-03-01,2017-03-31,43.9,Carbon monoxide,WMOX2014a
2017-04-01,2017-04-30,44.9,Carbon monoxide,WMOX2014a
2017-05-01,2017-05-31,54.9,Carbon monoxide,WMOX2014a
2017-06-01,2017-06-30,52.5,Carbon monoxide,WMOX2014a
2017-07-01,2017-07-31,55.7,Carbon monoxide,WMOX2014a
2017-08-01,2017-08-31,58.9,Carbon monoxide,WMOX2014a
2017-09-01,2017-09-30,67,Carbon monoxide,WMOX2014a
2017-10-01,2017-10-31,60,Carbon monoxide,WMOX2014a
2017-11-01,2017-11-30,58.4,Carbon monoxide,WMOX2014a
2017-12-01,2017-12-31,52.9,Carbon monoxide,WMOX2014a
2018-01-01,2018-01-31,52.4,Carbon monoxide,WMOX2014a
2018-02-01,2018-02-28,45,Carbon monoxide,WMOX2014a
2018-03-01,2018-03-31,42.9,Carbon monoxide,WMOX2014a
2018-04-01,2018-04-30,46.5,Carbon monoxide,WMOX2014a
2018-05-01,2018-05-31,55.6,Carbon monoxide,WMOX2014a
2018-06-01,2018-06-30,54.1,Carbon monoxide,WMOX2014a
2018-07-01,2018-07-31,56.4,Carbon monoxide,WMOX2014a
2018-08-01,2018-08-31,64.8,Carbon monoxide,WMOX2014a
2018-09-01,2018-09-30,63.5,Carbon monoxide,WMOX2014a
2018-10-01,2018-10-31,62.9,Carbon monoxide,WMOX2014a
2018-11-01,2018-11-30,55.9,Carbon monoxide,WMOX2014a
2018-12-01,2018-12-31,47.7,Carbon monoxide,WMOX2014a
2019-01-01,2019-01-31,43.7,Carbon monoxide,WMOX2014a
2019-02-01,2019-02-28,41.3,Carbon monoxide,WMOX2014a
2019-03-01,2019-03-31,43.2,Carbon monoxide,WMOX2014a
2019-04-01,2019-04-30,44.7,Carbon monoxide,WMOX2014a
2019-05-01,2019-05-31,48.4,Carbon monoxide,WMOX2014a
2019-06-01,2019-06-30,52.6,Carbon monoxide,WMOX2014a
2019-07-01,2019-07-31,56,Carbon monoxide,WMOX2014a
2019-08-01,2019-08-31,61.3,Carbon monoxide,WMOX2014a
2019-09-01,2019-09-30,68.7,Carbon monoxide,WMOX2014a
2019-10-01,2019-10-31,63.7,Carbon monoxide,WMOX2014a
2019-11-01,2019-11-30,65.2,Carbon monoxide,WMOX2014a
2019-12-01,2019-12-31,54.4,Carbon monoxide,WMOX2014a
1972-12-01,1972-12-31,326000,Carbon dioxide,WMOX2007
1973-01-01,1973-01-31,326300,Carbon dioxide,WMOX2007
1973-02-01,1973-02-28,326500,Carbon dioxide,WMOX2007
1973-03-01,1973-03-31,327000,Carbon dioxide,WMOX2007
1973-04-01,1973-04-30,327200,Carbon dioxide,WMOX2007
1973-05-01,1973-05-31,327200,Carbon dioxide,WMOX2007
1973-06-01,1973-06-30,327400,Carbon dioxide,WMOX2007
1973-07-01,1973-07-31,328000,Carbon dioxide,WMOX2007
1973-08-01,1973-08-31,328600,Carbon dioxide,WMOX2007
1973-09-01,1973-09-30,328600,Carbon dioxide,WMOX2007
1973-10-01,1973-10-31,328700,Carbon dioxide,WMOX2007
1973-11-01,1973-11-30,329000,Carbon dioxide,WMOX2007
1973-12-01,1973-12-31,328600,Carbon dioxide,WMOX2007
1974-01-01,1974-01-31,328700,Carbon dioxide,WMOX2007
1974-02-01,1974-02-28,328100,Carbon dioxide,WMOX2007
1974-03-01,1974-03-31,328000,Carbon dioxide,WMOX2007
1974-04-01,1974-04-30,328000,Carbon dioxide,WMOX2007
1974-05-01,1974-05-31,328500,Carbon dioxide,WMOX2007
1974-06-01,1974-06-30,328600,Carbon dioxide,WMOX2007
1974-07-01,1974-07-31,329100,Carbon dioxide,WMOX2007
1974-08-01,1974-08-31,329500,Carbon dioxide,WMOX2007
1974-09-01,1974-09-30,329600,Carbon dioxide,WMOX2007
1974-10-01,1974-10-31,329600,Carbon dioxide,WMOX2007
1974-11-01,1974-11-30,329700,Carbon dioxide,WMOX2007
1974-12-01,1974-12-31,329700,Carbon dioxide,WMOX2007
1975-01-01,1975-01-31,329500,Carbon dioxide,WMOX2007
1975-02-01,1975-02-28,329200,Carbon dioxide,WMOX2007
1975-03-01,1975-03-31,329100,Carbon dioxide,WMOX2007
1975-04-01,1975-04-30,329300,Carbon dioxide,WMOX2007
1975-05-01,1975-05-31,329800,Carbon dioxide,WMOX2007
1975-06-01,1975-06-30,330100,Carbon dioxide,WMOX2007
1975-07-01,1975-07-31,330000,Carbon dioxide,WMOX2007
1975-08-01,1975-08-31,330300,Carbon dioxide,WMOX2007
1975-09-01,1975-09-30,330400,Carbon dioxide,WMOX2007
1975-10-01,1975-10-31,NA,Carbon dioxide,WMOX2007
1975-11-01,1975-11-30,330700,Carbon dioxide,WMOX2007
1975-12-01,1975-12-31,330100,Carbon dioxide,WMOX2007
1976-01-01,1976-01-31,330800,Carbon dioxide,WMOX2007
1976-02-01,1976-02-29,330800,Carbon dioxide,WMOX2007
1976-03-01,1976-03-31,330500,Carbon dioxide,WMOX2007
1976-04-01,1976-04-30,330200,Carbon dioxide,WMOX2007
1976-05-01,1976-05-31,330600,Carbon dioxide,WMOX2007
1976-06-01,1976-06-30,330700,Carbon dioxide,WMOX2007
1976-07-01,1976-07-31,331600,Carbon dioxide,WMOX2007
1976-08-01,1976-08-31,331500,Carbon dioxide,WMOX2007
1976-09-01,1976-09-30,331400,Carbon dioxide,WMOX2007
1976-10-01,1976-10-31,331600,Carbon dioxide,WMOX2007
1976-11-01,1976-11-30,331900,Carbon dioxide,WMOX2007
1976-12-01,1976-12-31,331900,Carbon dioxide,WMOX2007
1977-01-01,1977-01-31,331400,Carbon dioxide,WMOX2007
1977-02-01,1977-02-28,331500,Carbon dioxide,WMOX2007
1977-03-01,1977-03-31,331300,Carbon dioxide,WMOX2007
1977-04-01,1977-04-30,331900,Carbon dioxide,WMOX2007
1977-05-01,1977-05-31,332100,Carbon dioxide,WMOX2007
1977-06-01,1977-06-30,332000,Carbon dioxide,WMOX2007
1977-07-01,1977-07-31,332700,Carbon dioxide,WMOX2007
1977-08-01,1977-08-31,333000,Carbon dioxide,WMOX2007
1977-09-01,1977-09-30,333000,Carbon dioxide,WMOX2007
1977-10-01,1977-10-31,333200,Carbon dioxide,WMOX2007
1977-11-01,1977-11-30,333200,Carbon dioxide,WMOX2007
1977-12-01,1977-12-31,332500,Carbon dioxide,WMOX2007
1978-01-01,1978-01-31,NA,Carbon dioxide,WMOX2007
1978-02-01,1978-02-28,332900,Carbon dioxide,WMOX2007
1978-03-01,1978-03-31,NA,Carbon dioxide,WMOX2007
1978-04-01,1978-04-30,332900,Carbon dioxide,WMOX2007
1978-05-01,1978-05-31,333300,Carbon dioxide,WMOX2007
1978-06-01,1978-06-30,333500,Carbon dioxide,WMOX2007
1978-07-01,1978-07-31,334100,Carbon dioxide,WMOX2007
1978-08-01,1978-08-31,334200,Carbon dioxide,WMOX2007
1978-09-01,1978-09-30,334200,Carbon dioxide,WMOX2007
1978-10-01,1978-10-31,335000,Carbon dioxide,WMOX2007
1978-11-01,1978-11-30,NA,Carbon dioxide,WMOX2007
1978-12-01,1978-12-31,NA,Carbon dioxide,WMOX2007
1979-01-01,1979-01-31,NA,Carbon dioxide,WMOX2007
1979-02-01,1979-02-28,NA,Carbon dioxide,WMOX2007
1979-03-01,1979-03-31,333800,Carbon dioxide,WMOX2007
1979-04-01,1979-04-30,334000,Carbon dioxide,WMOX2007
1979-05-01,1979-05-31,334600,Carbon dioxide,WMOX2007
1979-06-01,1979-06-30,334900,Carbon dioxide,WMOX2007
1979-07-01,1979-07-31,335100,Carbon dioxide,WMOX2007
1979-08-01,1979-08-31,335700,Carbon dioxide,WMOX2007
1979-09-01,1979-09-30,336100,Carbon dioxide,WMOX2007
1979-10-01,1979-10-31,335700,Carbon dioxide,WMOX2007
1979-11-01,1979-11-30,NA,Carbon dioxide,WMOX2007
1979-12-01,1979-12-31,335800,Carbon dioxide,WMOX2007
1980-01-01,1980-01-31,NA,Carbon dioxide,WMOX2007
1980-02-01,1980-02-29,NA,Carbon dioxide,WMOX2007
1980-03-01,1980-03-31,NA,Carbon dioxide,WMOX2007
1980-04-01,1980-04-30,NA,Carbon dioxide,WMOX2007
1980-05-01,1980-05-31,336400,Carbon dioxide,WMOX2007
1980-06-01,1980-06-30,336800,Carbon dioxide,WMOX2007
1980-07-01,1980-07-31,NA,Carbon dioxide,WMOX2007
1980-08-01,1980-08-31,337500,Carbon dioxide,WMOX2007
1980-09-01,1980-09-30,NA,Carbon dioxide,WMOX2007
1980-10-01,1980-10-31,337700,Carbon dioxide,WMOX2007
1980-11-01,1980-11-30,338000,Carbon dioxide,WMOX2007
1980-12-01,1980-12-31,337700,Carbon dioxide,WMOX2007
1981-01-01,1981-01-31,337600,Carbon dioxide,WMOX2007
1981-02-01,1981-02-28,337200,Carbon dioxide,WMOX2007
1981-03-01,1981-03-31,337400,Carbon dioxide,WMOX2007
1981-04-01,1981-04-30,337500,Carbon dioxide,WMOX2007
1981-05-01,1981-05-31,337600,Carbon dioxide,WMOX2007
1981-06-01,1981-06-30,338100,Carbon dioxide,WMOX2007
1981-07-01,1981-07-31,338700,Carbon dioxide,WMOX2007
1981-08-01,1981-08-31,338900,Carbon dioxide,WMOX2007
1981-09-01,1981-09-30,NA,Carbon dioxide,WMOX2007
1981-10-01,1981-10-31,338900,Carbon dioxide,WMOX2007
1981-11-01,1981-11-30,NA,Carbon dioxide,WMOX2007
1981-12-01,1981-12-31,NA,Carbon dioxide,WMOX2007
1982-01-01,1982-01-31,338800,Carbon dioxide,WMOX2007
1982-02-01,1982-02-28,338500,Carbon dioxide,WMOX2007
1982-03-01,1982-03-31,339100,Carbon dioxide,WMOX2007
1982-04-01,1982-04-30,339200,Carbon dioxide,WMOX2007
1982-05-01,1982-05-31,339500,Carbon dioxide,WMOX2007
1982-06-01,1982-06-30,339700,Carbon dioxide,WMOX2007
1982-07-01,1982-07-31,NA,Carbon dioxide,WMOX2007
1982-08-01,1982-08-31,340200,Carbon dioxide,WMOX2007
1982-09-01,1982-09-30,340300,Carbon dioxide,WMOX2007
1982-10-01,1982-10-31,340400,Carbon dioxide,WMOX2007
1982-11-01,1982-11-30,340300,Carbon dioxide,WMOX2007
1982-12-01,1982-12-31,340000,Carbon dioxide,WMOX2007
1983-01-01,1983-01-31,NA,Carbon dioxide,WMOX2007
1983-02-01,1983-02-28,NA,Carbon dioxide,WMOX2007
1983-03-01,1983-03-31,340300,Carbon dioxide,WMOX2007
1983-04-01,1983-04-30,340200,Carbon dioxide,WMOX2007
1983-05-01,1983-05-31,341000,Carbon dioxide,WMOX2007
1983-06-01,1983-06-30,341000,Carbon dioxide,WMOX2007
1983-07-01,1983-07-31,341600,Carbon dioxide,WMOX2007
1983-08-01,1983-08-31,342300,Carbon dioxide,WMOX2007
1983-09-01,1983-09-30,NA,Carbon dioxide,WMOX2007
1983-10-01,1983-10-31,342100,Carbon dioxide,WMOX2007
1983-11-01,1983-11-30,341800,Carbon dioxide,WMOX2007
1983-12-01,1983-12-31,341900,Carbon dioxide,WMOX2007
1984-01-01,1984-01-31,341900,Carbon dioxide,WMOX2007
1984-02-01,1984-02-29,341800,Carbon dioxide,WMOX2007
1984-03-01,1984-03-31,341800,Carbon dioxide,WMOX2007
1984-04-01,1984-04-30,341800,Carbon dioxide,WMOX2007
1984-05-01,1984-05-31,341700,Carbon dioxide,WMOX2007
1984-06-01,1984-06-30,342100,Carbon dioxide,WMOX2007
1984-07-01,1984-07-31,342600,Carbon dioxide,WMOX2007
1984-08-01,1984-08-31,342700,Carbon dioxide,WMOX2007
1984-09-01,1984-09-30,342800,Carbon dioxide,WMOX2007
1984-10-01,1984-10-31,343100,Carbon dioxide,WMOX2007
1984-11-01,1984-11-30,343300,Carbon dioxide,WMOX2007
1984-12-01,1984-12-31,342900,Carbon dioxide,WMOX2007
1985-01-01,1985-01-31,NA,Carbon dioxide,WMOX2007
1985-02-01,1985-02-28,342000,Carbon dioxide,WMOX2007
1985-03-01,1985-03-31,342800,Carbon dioxide,WMOX2007
1985-04-01,1985-04-30,342900,Carbon dioxide,WMOX2007
1985-05-01,1985-05-31,343200,Carbon dioxide,WMOX2007
1985-06-01,1985-06-30,NA,Carbon dioxide,WMOX2007
1985-07-01,1985-07-31,344000,Carbon dioxide,WMOX2007
1985-08-01,1985-08-31,344500,Carbon dioxide,WMOX2007
1985-09-01,1985-09-30,NA,Carbon dioxide,WMOX2007
1985-10-01,1985-10-31,344600,Carbon dioxide,WMOX2007
1985-11-01,1985-11-30,344000,Carbon dioxide,WMOX2007
1985-12-01,1985-12-31,344400,Carbon dioxide,WMOX2007
1986-01-01,1986-01-31,NA,Carbon dioxide,WMOX2007
1986-02-01,1986-02-28,344300,Carbon dioxide,WMOX2007
1986-03-01,1986-03-31,344300,Carbon dioxide,WMOX2007
1986-04-01,1986-04-30,NA,Carbon dioxide,WMOX2007
1986-05-01,1986-05-31,345000,Carbon dioxide,WMOX2007
1986-06-01,1986-06-30,NA,Carbon dioxide,WMOX2007
1986-07-01,1986-07-31,345600,Carbon dioxide,WMOX2007
1986-08-01,1986-08-31,345900,Carbon dioxide,WMOX2007
1986-09-01,1986-09-30,346000,Carbon dioxide,WMOX2007
1986-10-01,1986-10-31,346000,Carbon dioxide,WMOX2007
1986-11-01,1986-11-30,345700,Carbon dioxide,WMOX2007
1986-12-01,1986-12-31,345900,Carbon dioxide,WMOX2007
1987-01-01,1987-01-31,345600,Carbon dioxide,WMOX2007
1987-02-01,1987-02-28,345800,Carbon dioxide,WMOX2007
1987-03-01,1987-03-31,345900,Carbon dioxide,WMOX2007
1987-04-01,1987-04-30,346700,Carbon dioxide,WMOX2007
1987-05-01,1987-05-31,346200,Carbon dioxide,WMOX2007
1987-06-01,1987-06-30,347100,Carbon dioxide,WMOX2007
1987-07-01,1987-07-31,347400,Carbon dioxide,WMOX2007
1987-08-01,1987-08-31,348100,Carbon dioxide,WMOX2007
1987-09-01,1987-09-30,348100,Carbon dioxide,WMOX2007
1987-10-01,1987-10-31,348300,Carbon dioxide,WMOX2007
1987-11-01,1987-11-30,348300,Carbon dioxide,WMOX2007
1987-12-01,1987-12-31,348300,Carbon dioxide,WMOX2007
1988-01-01,1988-01-31,NA,Carbon dioxide,WMOX2007
1988-02-01,1988-02-29,348500,Carbon dioxide,WMOX2007
1988-03-01,1988-03-31,348400,Carbon dioxide,WMOX2007
1988-04-01,1988-04-30,348700,Carbon dioxide,WMOX2007
1988-05-01,1988-05-31,348800,Carbon dioxide,WMOX2007
1988-06-01,1988-06-30,349300,Carbon dioxide,WMOX2007
1988-07-01,1988-07-31,349700,Carbon dioxide,WMOX2007
1988-08-01,1988-08-31,349800,Carbon dioxide,WMOX2007
1988-09-01,1988-09-30,349600,Carbon dioxide,WMOX2007
1988-10-01,1988-10-31,NA,Carbon dioxide,WMOX2007
1988-11-01,1988-11-30,350200,Carbon dioxide,WMOX2007
1988-12-01,1988-12-31,349900,Carbon dioxide,WMOX2007
1989-01-01,1989-01-31,350700,Carbon dioxide,WMOX2007
1989-02-01,1989-02-28,350000,Carbon dioxide,WMOX2007
1989-03-01,1989-03-31,350300,Carbon dioxide,WMOX2007
1989-04-01,1989-04-30,350400,Carbon dioxide,WMOX2007
1989-05-01,1989-05-31,350500,Carbon dioxide,WMOX2007
1989-06-01,1989-06-30,350500,Carbon dioxide,WMOX2007
1989-07-01,1989-07-31,350900,Carbon dioxide,WMOX2007
1989-08-01,1989-08-31,351300,Carbon dioxide,WMOX2007
1989-09-01,1989-09-30,351600,Carbon dioxide,WMOX2007
1989-10-01,1989-10-31,351400,Carbon dioxide,WMOX2007
1989-11-01,1989-11-30,351400,Carbon dioxide,WMOX2007
1989-12-01,1989-12-31,352100,Carbon dioxide,WMOX2007
1990-01-01,1990-01-31,351300,Carbon dioxide,WMOX2007
1990-02-01,1990-02-28,351000,Carbon dioxide,WMOX2007
1990-03-01,1990-03-31,350800,Carbon dioxide,WMOX2007
1990-04-01,1990-04-30,350800,Carbon dioxide,WMOX2007
1990-05-01,1990-05-31,NA,Carbon dioxide,WMOX2007
1990-06-01,1990-06-30,351700,Carbon dioxide,WMOX2007
1990-07-01,1990-07-31,352400,Carbon dioxide,WMOX2007
1990-08-01,1990-08-31,NA,Carbon dioxide,WMOX2007
1990-09-01,1990-09-30,352900,Carbon dioxide,WMOX2007
1990-10-01,1990-10-31,352700,Carbon dioxide,WMOX2007
1990-11-01,1990-11-30,352900,Carbon dioxide,WMOX2007
1990-12-01,1990-12-31,NA,Carbon dioxide,WMOX2007
1991-01-01,1991-01-31,352300,Carbon dioxide,WMOX2007
1991-02-01,1991-02-28,352600,Carbon dioxide,WMOX2007
1991-03-01,1991-03-31,352100,Carbon dioxide,WMOX2007
1991-04-01,1991-04-30,352500,Carbon dioxide,WMOX2007
1991-05-01,1991-05-31,352800,Carbon dioxide,WMOX2007
1991-06-01,1991-06-30,NA,Carbon dioxide,WMOX2007
1991-07-01,1991-07-31,353600,Carbon dioxide,WMOX2007
1991-08-01,1991-08-31,NA,Carbon dioxide,WMOX2007
1991-09-01,1991-09-30,355100,Carbon dioxide,WMOX2007
1991-10-01,1991-10-31,353700,Carbon dioxide,WMOX2007
1991-11-01,1991-11-30,353500,Carbon dioxide,WMOX2007
1991-12-01,1991-12-31,353300,Carbon dioxide,WMOX2007
1992-01-01,1992-01-31,NA,Carbon dioxide,WMOX2007
1992-02-01,1992-02-29,352900,Carbon dioxide,WMOX2007
1992-03-01,1992-03-31,352900,Carbon dioxide,WMOX2007
1992-04-01,1992-04-30,353400,Carbon dioxide,WMOX2007
1992-05-01,1992-05-31,353700,Carbon dioxide,WMOX2007
1992-06-01,1992-06-30,354600,Carbon dioxide,WMOX2007
1992-07-01,1992-07-31,355100,Carbon dioxide,WMOX2007
1992-08-01,1992-08-31,355900,Carbon dioxide,WMOX2007
1992-09-01,1992-09-30,355500,Carbon dioxide,WMOX2007
1992-10-01,1992-10-31,355500,Carbon dioxide,WMOX2007
1992-11-01,1992-11-30,354900,Carbon dioxide,WMOX2007
1992-12-01,1992-12-31,354600,Carbon dioxide,WMOX2007
1993-01-01,1993-01-31,354200,Carbon dioxide,WMOX2007
1993-02-01,1993-02-28,354100,Carbon dioxide,WMOX2007
1993-03-01,1993-03-31,NA,Carbon dioxide,WMOX2007
1993-04-01,1993-04-30,355100,Carbon dioxide,WMOX2007
1993-05-01,1993-05-31,NA,Carbon dioxide,WMOX2007
1993-06-01,1993-06-30,355100,Carbon dioxide,WMOX2007
1993-07-01,1993-07-31,355300,Carbon dioxide,WMOX2007
1993-08-01,1993-08-31,355800,Carbon dioxide,WMOX2007
1993-09-01,1993-09-30,355800,Carbon dioxide,WMOX2007
1993-10-01,1993-10-31,355800,Carbon dioxide,WMOX2007
1993-11-01,1993-11-30,355700,Carbon dioxide,WMOX2007
1993-12-01,1993-12-31,355400,Carbon dioxide,WMOX2007
1994-01-01,1994-01-31,355600,Carbon dioxide,WMOX2007
1994-02-01,1994-02-28,355800,Carbon dioxide,WMOX2007
1994-03-01,1994-03-31,355600,Carbon dioxide,WMOX2007
1994-04-01,1994-04-30,NA,Carbon dioxide,WMOX2007
1994-05-01,1994-05-31,356300,Carbon dioxide,WMOX2007
1994-06-01,1994-06-30,356100,Carbon dioxide,WMOX2007
1994-07-01,1994-07-31,NA,Carbon dioxide,WMOX2007
1994-08-01,1994-08-31,NA,Carbon dioxide,WMOX2007
1994-09-01,1994-09-30,NA,Carbon dioxide,WMOX2007
1994-10-01,1994-10-31,NA,Carbon dioxide,WMOX2007
1994-11-01,1994-11-30,NA,Carbon dioxide,WMOX2007
1994-12-01,1994-12-31,NA,Carbon dioxide,WMOX2007
1995-01-01,1995-01-31,356400,Carbon dioxide,WMOX2007
1995-02-01,1995-02-28,356700,Carbon dioxide,WMOX2007
1995-03-01,1995-03-31,NA,Carbon dioxide,WMOX2007
1995-04-01,1995-04-30,357300,Carbon dioxide,WMOX2007
1995-05-01,1995-05-31,357300,Carbon dioxide,WMOX2007
1995-06-01,1995-06-30,357800,Carbon dioxide,WMOX2007
1995-07-01,1995-07-31,NA,Carbon dioxide,WMOX2007
1995-08-01,1995-08-31,358400,Carbon dioxide,WMOX2007
1995-09-01,1995-09-30,359200,Carbon dioxide,WMOX2007
1995-10-01,1995-10-31,359400,Carbon dioxide,WMOX2007
1995-11-01,1995-11-30,359400,Carbon dioxide,WMOX2007
1995-12-01,1995-12-31,359500,Carbon dioxide,WMOX2007
1996-01-01,1996-01-31,359300,Carbon dioxide,WMOX2007
1996-02-01,1996-02-29,359600,Carbon dioxide,WMOX2007
1996-03-01,1996-03-31,359100,Carbon dioxide,WMOX2007
1996-04-01,1996-04-30,359300,Carbon dioxide,WMOX2007
1996-05-01,1996-05-31,359400,Carbon dioxide,WMOX2007
1996-06-01,1996-06-30,359900,Carbon dioxide,WMOX2007
1996-07-01,1996-07-31,360300,Carbon dioxide,WMOX2007
1996-08-01,1996-08-31,360700,Carbon dioxide,WMOX2007
1996-09-01,1996-09-30,361200,Carbon dioxide,WMOX2007
1996-10-01,1996-10-31,NA,Carbon dioxide,WMOX2007
1996-11-01,1996-11-30,360700,Carbon dioxide,WMOX2007
1996-12-01,1996-12-31,360500,Carbon dioxide,WMOX2007
1997-01-01,1997-01-31,360100,Carbon dioxide,WMOX2007
1997-02-01,1997-02-28,360300,Carbon dioxide,WMOX2007
1997-03-01,1997-03-31,360600,Carbon dioxide,WMOX2007
1997-04-01,1997-04-30,361000,Carbon dioxide,WMOX2007
1997-05-01,1997-05-31,360800,Carbon dioxide,WMOX2007
1997-06-01,1997-06-30,361100,Carbon dioxide,WMOX2007
1997-07-01,1997-07-31,361400,Carbon dioxide,WMOX2007
1997-08-01,1997-08-31,361700,Carbon dioxide,WMOX2007
1997-09-01,1997-09-30,361700,Carbon dioxide,WMOX2007
1997-10-01,1997-10-31,NA,Carbon dioxide,WMOX2007
1997-11-01,1997-11-30,362000,Carbon dioxide,WMOX2007
1997-12-01,1997-12-31,361900,Carbon dioxide,WMOX2007
1998-01-01,1998-01-31,NA,Carbon dioxide,WMOX2007
1998-02-01,1998-02-28,362400,Carbon dioxide,WMOX2007
1998-03-01,1998-03-31,363000,Carbon dioxide,WMOX2007
1998-04-01,1998-04-30,362900,Carbon dioxide,WMOX2007
1998-05-01,1998-05-31,NA,Carbon dioxide,WMOX2007
1998-06-01,1998-06-30,363500,Carbon dioxide,WMOX2007
1998-07-01,1998-07-31,364300,Carbon dioxide,WMOX2007
1998-08-01,1998-08-31,364600,Carbon dioxide,WMOX2007
1998-09-01,1998-09-30,365100,Carbon dioxide,WMOX2007
1998-10-01,1998-10-31,NA,Carbon dioxide,WMOX2007
1998-11-01,1998-11-30,364700,Carbon dioxide,WMOX2007
1998-12-01,1998-12-31,364500,Carbon dioxide,WMOX2007
1999-01-01,1999-01-31,364700,Carbon dioxide,WMOX2007
1999-02-01,1999-02-28,364700,Carbon dioxide,WMOX2007
1999-03-01,1999-03-31,364900,Carbon dioxide,WMOX2007
1999-04-01,1999-04-30,364900,Carbon dioxide,WMOX2007
1999-05-01,1999-05-31,365100,Carbon dioxide,WMOX2007
1999-06-01,1999-06-30,365400,Carbon dioxide,WMOX2007
1999-07-01,1999-07-31,365700,Carbon dioxide,WMOX2007
1999-08-01,1999-08-31,366100,Carbon dioxide,WMOX2007
1999-09-01,1999-09-30,366200,Carbon dioxide,WMOX2007
1999-10-01,1999-10-31,NA,Carbon dioxide,WMOX2007
1999-11-01,1999-11-30,366000,Carbon dioxide,WMOX2007
1999-12-01,1999-12-31,365900,Carbon dioxide,WMOX2007
2000-01-01,2000-01-31,365900,Carbon dioxide,WMOX2007
2000-02-01,2000-02-29,365800,Carbon dioxide,WMOX2007
2000-03-01,2000-03-31,366000,Carbon dioxide,WMOX2007
2000-04-01,2000-04-30,366200,Carbon dioxide,WMOX2007
2000-05-01,2000-05-31,366900,Carbon dioxide,WMOX2007
2000-06-01,2000-06-30,367000,Carbon dioxide,WMOX2007
2000-07-01,2000-07-31,367000,Carbon dioxide,WMOX2007
2000-08-01,2000-08-31,367500,Carbon dioxide,WMOX2007
2000-09-01,2000-09-30,367200,Carbon dioxide,WMOX2007
2000-10-01,2000-10-31,367500,Carbon dioxide,WMOX2007
2000-11-01,2000-11-30,367600,Carbon dioxide,WMOX2007
2000-12-01,2000-12-31,367700,Carbon dioxide,WMOX2007
2001-01-01,2001-01-31,NA,Carbon dioxide,WMOX2007
2001-02-01,2001-02-28,NA,Carbon dioxide,WMOX2007
2001-03-01,2001-03-31,367700,Carbon dioxide,WMOX2007
2001-04-01,2001-04-30,367400,Carbon dioxide,WMOX2007
2001-05-01,2001-05-31,367800,Carbon dioxide,WMOX2007
2001-06-01,2001-06-30,368100,Carbon dioxide,WMOX2007
2001-07-01,2001-07-31,368300,Carbon dioxide,WMOX2007
2001-08-01,2001-08-31,368200,Carbon dioxide,WMOX2007
2001-09-01,2001-09-30,368000,Carbon dioxide,WMOX2007
2001-10-01,2001-10-31,368300,Carbon dioxide,WMOX2007
2001-11-01,2001-11-30,368300,Carbon dioxide,WMOX2007
2001-12-01,2001-12-31,368100,Carbon dioxide,WMOX2007
2002-01-01,2002-01-31,368400,Carbon dioxide,WMOX2007
2002-02-01,2002-02-28,368500,Carbon dioxide,WMOX2007
2002-03-01,2002-03-31,368500,Carbon dioxide,WMOX2007
2002-04-01,2002-04-30,368800,Carbon dioxide,WMOX2007
2002-05-01,2002-05-31,369300,Carbon dioxide,WMOX2007
2002-06-01,2002-06-30,369300,Carbon dioxide,WMOX2007
2002-07-01,2002-07-31,370200,Carbon dioxide,WMOX2007
2002-08-01,2002-08-31,370600,Carbon dioxide,WMOX2007
2002-09-01,2002-09-30,371200,Carbon dioxide,WMOX2007
2002-10-01,2002-10-31,371600,Carbon dioxide,WMOX2007
2002-11-01,2002-11-30,371500,Carbon dioxide,WMOX2007
2002-12-01,2002-12-31,371300,Carbon dioxide,WMOX2007
2003-01-01,2003-01-31,371300,Carbon dioxide,WMOX2007
2003-02-01,2003-02-28,371800,Carbon dioxide,WMOX2007
2003-03-01,2003-03-31,371800,Carbon dioxide,WMOX2007
2003-04-01,2003-04-30,372100,Carbon dioxide,WMOX2007
2003-05-01,2003-05-31,372100,Carbon dioxide,WMOX2007
2003-06-01,2003-06-30,372900,Carbon dioxide,WMOX2007
2003-07-01,2003-07-31,373100,Carbon dioxide,WMOX2007
2003-08-01,2003-08-31,373500,Carbon dioxide,WMOX2007
2003-09-01,2003-09-30,373700,Carbon dioxide,WMOX2007
2003-10-01,2003-10-31,373600,Carbon dioxide,WMOX2007
2003-11-01,2003-11-30,373300,Carbon dioxide,WMOX2007
2003-12-01,2003-12-31,373300,Carbon dioxide,WMOX2007
2004-01-01,2004-01-31,373400,Carbon dioxide,WMOX2007
2004-02-01,2004-02-29,374000,Carbon dioxide,WMOX2007
2004-03-01,2004-03-31,373400,Carbon dioxide,WMOX2007
2004-04-01,2004-04-30,373800,Carbon dioxide,WMOX2007
2004-05-01,2004-05-31,374200,Carbon dioxide,WMOX2007
2004-06-01,2004-06-30,NA,Carbon dioxide,WMOX2007
2004-07-01,2004-07-31,375300,Carbon dioxide,WMOX2007
2004-08-01,2004-08-31,375400,Carbon dioxide,WMOX2007
2004-09-01,2004-09-30,375400,Carbon dioxide,WMOX2007
2004-10-01,2004-10-31,375300,Carbon dioxide,WMOX2007
2004-11-01,2004-11-30,375300,Carbon dioxide,WMOX2007
2004-12-01,2004-12-31,374900,Carbon dioxide,WMOX2007
2005-01-01,2005-01-31,NA,Carbon dioxide,WMOX2007
2005-02-01,2005-02-28,NA,Carbon dioxide,WMOX2007
2005-03-01,2005-03-31,375200,Carbon dioxide,WMOX2007
2005-04-01,2005-04-30,NA,Carbon dioxide,WMOX2007
2005-05-01,2005-05-31,NA,Carbon dioxide,WMOX2007
2005-06-01,2005-06-30,NA,Carbon dioxide,WMOX2007
2005-07-01,2005-07-31,NA,Carbon dioxide,WMOX2007
2005-08-01,2005-08-31,377200,Carbon dioxide,WMOX2007
2005-09-01,2005-09-30,NA,Carbon dioxide,WMOX2007
2005-10-01,2005-10-31,NA,Carbon dioxide,WMOX2007
2005-11-01,2005-11-30,NA,Carbon dioxide,WMOX2007
2005-12-01,2005-12-31,NA,Carbon dioxide,WMOX2007
2006-01-01,2006-01-31,377300,Carbon dioxide,WMOX2007
2006-02-01,2006-02-28,NA,Carbon dioxide,WMOX2007
2006-03-01,2006-03-31,378000,Carbon dioxide,WMOX2007
2006-04-01,2006-04-30,377800,Carbon dioxide,WMOX2007
2006-05-01,2006-05-31,378100,Carbon dioxide,WMOX2007
2006-06-01,2006-06-30,378700,Carbon dioxide,WMOX2007
2006-07-01,2006-07-31,378700,Carbon dioxide,WMOX2007
2006-08-01,2006-08-31,379400,Carbon dioxide,WMOX2007
2006-09-01,2006-09-30,379200,Carbon dioxide,WMOX2007
2006-10-01,2006-10-31,379300,Carbon dioxide,WMOX2007
2006-11-01,2006-11-30,379300,Carbon dioxide,WMOX2007
2006-12-01,2006-12-31,379000,Carbon dioxide,WMOX2007
2007-01-01,2007-01-31,379100,Carbon dioxide,WMOX2007
2007-02-01,2007-02-28,379300,Carbon dioxide,WMOX2007
2007-03-01,2007-03-31,379400,Carbon dioxide,WMOX2007
2007-04-01,2007-04-30,380300,Carbon dioxide,WMOX2007
2007-05-01,2007-05-31,380200,Carbon dioxide,WMOX2007
2007-06-01,2007-06-30,380500,Carbon dioxide,WMOX2007
2007-07-01,2007-07-31,381000,Carbon dioxide,WMOX2007
2007-08-01,2007-08-31,381400,Carbon dioxide,WMOX2007
2007-09-01,2007-09-30,381500,Carbon dioxide,WMOX2007
2007-10-01,2007-10-31,381700,Carbon dioxide,WMOX2007
2007-11-01,2007-11-30,381600,Carbon dioxide,WMOX2007
2007-12-01,2007-12-31,381600,Carbon dioxide,WMOX2007
2008-01-01,2008-01-31,381800,Carbon dioxide,WMOX2007
2008-02-01,2008-02-29,381600,Carbon dioxide,WMOX2007
2008-03-01,2008-03-31,381600,Carbon dioxide,WMOX2007
2008-04-01,2008-04-30,381700,Carbon dioxide,WMOX2007
2008-05-01,2008-05-31,382300,Carbon dioxide,WMOX2007
2008-06-01,2008-06-30,382700,Carbon dioxide,WMOX2007
2008-07-01,2008-07-31,383100,Carbon dioxide,WMOX2007
2008-08-01,2008-08-31,383400,Carbon dioxide,WMOX2007
2008-09-01,2008-09-30,384000,Carbon dioxide,WMOX2007
2008-10-01,2008-10-31,NA,Carbon dioxide,WMOX2007
2008-11-01,2008-11-30,NA,Carbon dioxide,WMOX2007
2008-12-01,2008-12-31,383200,Carbon dioxide,WMOX2007
2009-01-01,2009-01-31,383700,Carbon dioxide,WMOX2007
2009-02-01,2009-02-28,383100,Carbon dioxide,WMOX2007
2009-03-01,2009-03-31,383200,Carbon dioxide,WMOX2007
2009-04-01,2009-04-30,383400,Carbon dioxide,WMOX2007
2009-05-01,2009-05-31,383500,Carbon dioxide,WMOX2007
2009-06-01,2009-06-30,384100,Carbon dioxide,WMOX2007
2009-07-01,2009-07-31,384200,Carbon dioxide,WMOX2007
2009-08-01,2009-08-31,384600,Carbon dioxide,WMOX2007
2009-09-01,2009-09-30,384800,Carbon dioxide,WMOX2007
2009-10-01,2009-10-31,384900,Carbon dioxide,WMOX2007
2009-11-01,2009-11-30,384800,Carbon dioxide,WMOX2007
2009-12-01,2009-12-31,384600,Carbon dioxide,WMOX2007
2010-01-01,2010-01-31,NA,Carbon dioxide,WMOX2007
2010-02-01,2010-02-28,384600,Carbon dioxide,WMOX2007
2010-03-01,2010-03-31,384500,Carbon dioxide,WMOX2007
2010-04-01,2010-04-30,384900,Carbon dioxide,WMOX2007
2010-05-01,2010-05-31,385200,Carbon dioxide,WMOX2007
2010-06-01,2010-06-30,386000,Carbon dioxide,WMOX2007
2010-07-01,2010-07-31,386500,Carbon dioxide,WMOX2007
2010-08-01,2010-08-31,387600,Carbon dioxide,WMOX2007
2010-09-01,2010-09-30,388100,Carbon dioxide,WMOX2007
2010-10-01,2010-10-31,388100,Carbon dioxide,WMOX2007
2010-11-01,2010-11-30,388000,Carbon dioxide,WMOX2007
2010-12-01,2010-12-31,387000,Carbon dioxide,WMOX2007
2011-01-01,2011-01-31,386700,Carbon dioxide,WMOX2007
2011-02-01,2011-02-28,NA,Carbon dioxide,WMOX2007
2011-03-01,2011-03-31,386900,Carbon dioxide,WMOX2007
2011-04-01,2011-04-30,387000,Carbon dioxide,WMOX2007
2011-05-01,2011-05-31,NA,Carbon dioxide,WMOX2007
2011-06-01,2011-06-30,387800,Carbon dioxide,WMOX2007
2011-07-01,2011-07-31,388000,Carbon dioxide,WMOX2007
2011-08-01,2011-08-31,388500,Carbon dioxide,WMOX2007
2011-09-01,2011-09-30,388900,Carbon dioxide,WMOX2007
2011-10-01,2011-10-31,388500,Carbon dioxide,WMOX2007
2011-11-01,2011-11-30,388500,Carbon dioxide,WMOX2007
2011-12-01,2011-12-31,388400,Carbon dioxide,WMOX2007
2012-01-01,2012-01-31,387900,Carbon dioxide,WMOX2007
2012-02-01,2012-02-29,388300,Carbon dioxide,WMOX2007
2012-03-01,2012-03-31,388400,Carbon dioxide,WMOX2007
2012-04-01,2012-04-30,388500,Carbon dioxide,WMOX2007
2012-05-01,2012-05-31,388900,Carbon dioxide,WMOX2007
2012-06-01,2012-06-30,389600,Carbon dioxide,WMOX2007
2012-07-01,2012-07-31,390100,Carbon dioxide,WMOX2007
2012-08-01,2012-08-31,390500,Carbon dioxide,WMOX2007
2012-09-01,2012-09-30,390800,Carbon dioxide,WMOX2007
2012-10-01,2012-10-31,NA,Carbon dioxide,WMOX2007
2012-11-01,2012-11-30,391200,Carbon dioxide,WMOX2007
2012-12-01,2012-12-31,NA,Carbon dioxide,WMOX2007
2013-01-01,2013-01-31,NA,Carbon dioxide,WMOX2007
2013-02-01,2013-02-28,391400,Carbon dioxide,WMOX2007
2013-03-01,2013-03-31,391500,Carbon dioxide,WMOX2007
2013-04-01,2013-04-30,391700,Carbon dioxide,WMOX2007
2013-05-01,2013-05-31,392900,Carbon dioxide,WMOX2007
2013-06-01,2013-06-30,393500,Carbon dioxide,WMOX2007
2013-07-01,2013-07-31,393200,Carbon dioxide,WMOX2007
2013-08-01,2013-08-31,NA,Carbon dioxide,WMOX2007
2013-09-01,2013-09-30,NA,Carbon dioxide,WMOX2007
2013-10-01,2013-10-31,394000,Carbon dioxide,WMOX2007
2013-11-01,2013-11-30,393700,Carbon dioxide,WMOX2007
2013-12-01,2013-12-31,393200,Carbon dioxide,WMOX2007
2014-01-01,2014-01-31,NA,Carbon dioxide,WMOX2007
2014-02-01,2014-02-28,NA,Carbon dioxide,WMOX2007
2014-03-01,2014-03-31,393600,Carbon dioxide,WMOX2007
2014-04-01,2014-04-30,393900,Carbon dioxide,WMOX2007
2014-05-01,2014-05-31,394400,Carbon dioxide,WMOX2007
2014-06-01,2014-06-30,395200,Carbon dioxide,WMOX2007
2014-07-01,2014-07-31,395300,Carbon dioxide,WMOX2007
2014-08-01,2014-08-31,395600,Carbon dioxide,WMOX2007
2014-09-01,2014-09-30,395900,Carbon dioxide,WMOX2007
2014-10-01,2014-10-31,396000,Carbon dioxide,WMOX2007
2014-11-01,2014-11-30,396000,Carbon dioxide,WMOX2007
2014-12-01,2014-12-31,NA,Carbon dioxide,WMOX2007
2015-01-01,2015-01-31,396600,Carbon dioxide,WMOX2007
2015-02-01,2015-02-28,396900,Carbon dioxide,WMOX2007
2015-03-01,2015-03-31,NA,Carbon dioxide,WMOX2007
2015-04-01,2015-04-30,NA,Carbon dioxide,WMOX2007
2015-05-01,2015-05-31,397100,Carbon dioxide,WMOX2007
2015-06-01,2015-06-30,397100,Carbon dioxide,WMOX2007
2015-07-01,2015-07-31,397600,Carbon dioxide,WMOX2007
2015-08-01,2015-08-31,398200,Carbon dioxide,WMOX2007
2015-09-01,2015-09-30,398200,Carbon dioxide,WMOX2007
2015-10-01,2015-10-31,NA,Carbon dioxide,WMOX2007
2015-11-01,2015-11-30,398400,Carbon dioxide,WMOX2007
2015-12-01,2015-12-31,398400,Carbon dioxide,WMOX2007
2016-01-01,2016-01-31,NA,Carbon dioxide,WMOX2007
2016-02-01,2016-02-29,399200,Carbon dioxide,WMOX2007
2016-03-01,2016-03-31,398700,Carbon dioxide,WMOX2007
2016-04-01,2016-04-30,399500,Carbon dioxide,WMOX2007
2016-05-01,2016-05-31,400600,Carbon dioxide,WMOX2007
2016-06-01,2016-06-30,400700,Carbon dioxide,WMOX2007
2016-07-01,2016-07-31,401300,Carbon dioxide,WMOX2007
2016-08-01,2016-08-31,401300,Carbon dioxide,WMOX2007
2016-09-01,2016-09-30,401100,Carbon dioxide,WMOX2007
2016-10-01,2016-10-31,401400,Carbon dioxide,WMOX2007
2016-11-01,2016-11-30,401200,Carbon dioxide,WMOX2007
2016-12-01,2016-12-31,401000,Carbon dioxide,WMOX2007
2017-01-01,2017-01-31,401300,Carbon dioxide,WMOX2007
2017-02-01,2017-02-28,401000,Carbon dioxide,WMOX2007
2017-03-01,2017-03-31,400900,Carbon dioxide,WMOX2007
2017-04-01,2017-04-30,401000,Carbon dioxide,WMOX2007
2017-05-01,2017-05-31,401700,Carbon dioxide,WMOX2007
2017-06-01,2017-06-30,402200,Carbon dioxide,WMOX2007
2017-07-01,2017-07-31,402700,Carbon dioxide,WMOX2007
2017-08-01,2017-08-31,403100,Carbon dioxide,WMOX2007
2017-09-01,2017-09-30,403400,Carbon dioxide,WMOX2007
2017-10-01,2017-10-31,403300,Carbon dioxide,WMOX2007
2017-11-01,2017-11-30,403500,Carbon dioxide,WMOX2007
2017-12-01,2017-12-31,403300,Carbon dioxide,WMOX2007
2018-01-01,2018-01-31,403400,Carbon dioxide,WMOX2007
2018-02-01,2018-02-28,403600,Carbon dioxide,WMOX2007
2018-03-01,2018-03-31,403500,Carbon dioxide,WMOX2007
2018-04-01,2018-04-30,403900,Carbon dioxide,WMOX2007
2018-05-01,2018-05-31,404600,Carbon dioxide,WMOX2007
2018-06-01,2018-06-30,404600,Carbon dioxide,WMOX2007
2018-07-01,2018-07-31,405500,Carbon dioxide,WMOX2007
2018-08-01,2018-08-31,405700,Carbon dioxide,WMOX2007
2018-09-01,2018-09-30,405600,Carbon dioxide,WMOX2007
2018-10-01,2018-10-31,405800,Carbon dioxide,WMOX2007
2018-11-01,2018-11-30,405800,Carbon dioxide,WMOX2007
2018-12-01,2018-12-31,405700,Carbon dioxide,WMOX2007
2019-01-01,2019-01-31,405500,Carbon dioxide,WMOX2007
2019-02-01,2019-02-28,405700,Carbon dioxide,WMOX2007
2019-03-01,2019-03-31,405600,Carbon dioxide,WMOX2007
2019-04-01,2019-04-30,406400,Carbon dioxide,WMOX2007
2019-05-01,2019-05-31,407200,Carbon dioxide,WMOX2007
2019-06-01,2019-06-30,407600,Carbon dioxide,WMOX2007
2019-07-01,2019-07-31,407900,Carbon dioxide,WMOX2007
2019-08-01,2019-08-31,408500,Carbon dioxide,WMOX2007
2019-09-01,2019-09-30,408700,Carbon dioxide,WMOX2007
2019-10-01,2019-10-31,408600,Carbon dioxide,WMOX2007
2019-11-01,2019-11-30,408500,Carbon dioxide,WMOX2007
2019-12-01,2019-12-31,407900,Carbon dioxide,WMOX2007
1996-08-01,1996-08-31,310.8,Nitrous oxide,NOAA2006a
1996-09-01,1996-09-30,NA,Nitrous oxide,NOAA2006a
1996-10-01,1996-10-31,311.1,Nitrous oxide,NOAA2006a
1996-11-01,1996-11-30,310.9,Nitrous oxide,NOAA2006a
1996-12-01,1996-12-31,311.3,Nitrous oxide,NOAA2006a
1997-01-01,1997-01-31,NA,Nitrous oxide,NOAA2006a
1997-02-01,1997-02-28,NA,Nitrous oxide,NOAA2006a
1997-03-01,1997-03-31,311.4,Nitrous oxide,NOAA2006a
1997-04-01,1997-04-30,311.3,Nitrous oxide,NOAA2006a
1997-05-01,1997-05-31,312.4,Nitrous oxide,NOAA2006a
1997-06-01,1997-06-30,311.3,Nitrous oxide,NOAA2006a
1997-07-01,1997-07-31,311.9,Nitrous oxide,NOAA2006a
1997-08-01,1997-08-31,312.2,Nitrous oxide,NOAA2006a
1997-09-01,1997-09-30,312.4,Nitrous oxide,NOAA2006a
1997-10-01,1997-10-31,312.8,Nitrous oxide,NOAA2006a
1997-11-01,1997-11-30,312.8,Nitrous oxide,NOAA2006a
1997-12-01,1997-12-31,312.8,Nitrous oxide,NOAA2006a
1998-01-01,1998-01-31,313.2,Nitrous oxide,NOAA2006a
1998-02-01,1998-02-28,312.5,Nitrous oxide,NOAA2006a
1998-03-01,1998-03-31,312.6,Nitrous oxide,NOAA2006a
1998-04-01,1998-04-30,312.7,Nitrous oxide,NOAA2006a
1998-05-01,1998-05-31,312.4,Nitrous oxide,NOAA2006a
1998-06-01,1998-06-30,312.7,Nitrous oxide,NOAA2006a
1998-07-01,1998-07-31,313.3,Nitrous oxide,NOAA2006a
1998-08-01,1998-08-31,312.8,Nitrous oxide,NOAA2006a
1998-09-01,1998-09-30,313,Nitrous oxide,NOAA2006a
1998-10-01,1998-10-31,313,Nitrous oxide,NOAA2006a
1998-11-01,1998-11-30,313,Nitrous oxide,NOAA2006a
1998-12-01,1998-12-31,313.2,Nitrous oxide,NOAA2006a
1999-01-01,1999-01-31,312.9,Nitrous oxide,NOAA2006a
1999-02-01,1999-02-28,313.1,Nitrous oxide,NOAA2006a
1999-03-01,1999-03-31,313.2,Nitrous oxide,NOAA2006a
1999-04-01,1999-04-30,313.1,Nitrous oxide,NOAA2006a
1999-05-01,1999-05-31,314.1,Nitrous oxide,NOAA2006a
1999-06-01,1999-06-30,312.7,Nitrous oxide,NOAA2006a
1999-07-01,1999-07-31,312.9,Nitrous oxide,NOAA2006a
1999-08-01,1999-08-31,314.5,Nitrous oxide,NOAA2006a
1999-09-01,1999-09-30,313.1,Nitrous oxide,NOAA2006a
1999-10-01,1999-10-31,313.2,Nitrous oxide,NOAA2006a
1999-11-01,1999-11-30,313.4,Nitrous oxide,NOAA2006a
1999-12-01,1999-12-31,313.5,Nitrous oxide,NOAA2006a
2000-01-01,2000-01-31,313.9,Nitrous oxide,NOAA2006a
2000-02-01,2000-02-29,NA,Nitrous oxide,NOAA2006a
2000-03-01,2000-03-31,313.7,Nitrous oxide,NOAA2006a
2000-04-01,2000-04-30,NA,Nitrous oxide,NOAA2006a
2000-05-01,2000-05-31,314,Nitrous oxide,NOAA2006a
2000-06-01,2000-06-30,NA,Nitrous oxide,NOAA2006a
2000-07-01,2000-07-31,NA,Nitrous oxide,NOAA2006a
2000-08-01,2000-08-31,314.6,Nitrous oxide,NOAA2006a
2000-09-01,2000-09-30,314.5,Nitrous oxide,NOAA2006a
2000-10-01,2000-10-31,314.6,Nitrous oxide,NOAA2006a
2000-11-01,2000-11-30,314.7,Nitrous oxide,NOAA2006a
2000-12-01,2000-12-31,315.3,Nitrous oxide,NOAA2006a
2001-01-01,2001-01-31,315.1,Nitrous oxide,NOAA2006a
2001-02-01,2001-02-28,314.7,Nitrous oxide,NOAA2006a
2001-03-01,2001-03-31,314.4,Nitrous oxide,NOAA2006a
2001-04-01,2001-04-30,314.2,Nitrous oxide,NOAA2006a
2001-05-01,2001-05-31,314.3,Nitrous oxide,NOAA2006a
2001-06-01,2001-06-30,314.4,Nitrous oxide,NOAA2006a
2001-07-01,2001-07-31,314.5,Nitrous oxide,NOAA2006a
2001-08-01,2001-08-31,314.6,Nitrous oxide,NOAA2006a
2001-09-01,2001-09-30,315.2,Nitrous oxide,NOAA2006a
2001-10-01,2001-10-31,315,Nitrous oxide,NOAA2006a
2001-11-01,2001-11-30,315.3,Nitrous oxide,NOAA2006a
2001-12-01,2001-12-31,315.3,Nitrous oxide,NOAA2006a
2002-01-01,2002-01-31,315.6,Nitrous oxide,NOAA2006a
2002-02-01,2002-02-28,315.4,Nitrous oxide,NOAA2006a
2002-03-01,2002-03-31,315.8,Nitrous oxide,NOAA2006a
2002-04-01,2002-04-30,315.3,Nitrous oxide,NOAA2006a
2002-05-01,2002-05-31,315.5,Nitrous oxide,NOAA2006a
2002-06-01,2002-06-30,NA,Nitrous oxide,NOAA2006a
2002-07-01,2002-07-31,315.5,Nitrous oxide,NOAA2006a
2002-08-01,2002-08-31,315.2,Nitrous oxide,NOAA2006a
2002-09-01,2002-09-30,315.3,Nitrous oxide,NOAA2006a
2002-10-01,2002-10-31,315.3,Nitrous oxide,NOAA2006a
2002-11-01,2002-11-30,315.3,Nitrous oxide,NOAA2006a
2002-12-01,2002-12-31,NA,Nitrous oxide,NOAA2006a
2003-01-01,2003-01-31,315.4,Nitrous oxide,NOAA2006a
2003-02-01,2003-02-28,315.4,Nitrous oxide,NOAA2006a
2003-03-01,2003-03-31,315.2,Nitrous oxide,NOAA2006a
2003-04-01,2003-04-30,316.1,Nitrous oxide,NOAA2006a
2003-05-01,2003-05-31,315.8,Nitrous oxide,NOAA2006a
2003-06-01,2003-06-30,316,Nitrous oxide,NOAA2006a
2003-07-01,2003-07-31,316.2,Nitrous oxide,NOAA2006a
2003-08-01,2003-08-31,316.6,Nitrous oxide,NOAA2006a
2003-09-01,2003-09-30,317,Nitrous oxide,NOAA2006a
2003-10-01,2003-10-31,316.5,Nitrous oxide,NOAA2006a
2003-11-01,2003-11-30,316.9,Nitrous oxide,NOAA2006a
2003-12-01,2003-12-31,317.2,Nitrous oxide,NOAA2006a
2004-01-01,2004-01-31,317.3,Nitrous oxide,NOAA2006a
2004-02-01,2004-02-29,316.9,Nitrous oxide,NOAA2006a
2004-03-01,2004-03-31,317,Nitrous oxide,NOAA2006a
2004-04-01,2004-04-30,316.5,Nitrous oxide,NOAA2006a
2004-05-01,2004-05-31,317.1,Nitrous oxide,NOAA2006a
2004-06-01,2004-06-30,317.1,Nitrous oxide,NOAA2006a
2004-07-01,2004-07-31,317.2,Nitrous oxide,NOAA2006a
2004-08-01,2004-08-31,317.7,Nitrous oxide,NOAA2006a
2004-09-01,2004-09-30,317.8,Nitrous oxide,NOAA2006a
2004-10-01,2004-10-31,317.9,Nitrous oxide,NOAA2006a
2004-11-01,2004-11-30,318.4,Nitrous oxide,NOAA2006a
2004-12-01,2004-12-31,318.2,Nitrous oxide,NOAA2006a
2005-01-01,2005-01-31,318.1,Nitrous oxide,NOAA2006a
2005-02-01,2005-02-28,318.1,Nitrous oxide,NOAA2006a
2005-03-01,2005-03-31,317.9,Nitrous oxide,NOAA2006a
2005-04-01,2005-04-30,318,Nitrous oxide,NOAA2006a
2005-05-01,2005-05-31,317.9,Nitrous oxide,NOAA2006a
2005-06-01,2005-06-30,317.6,Nitrous oxide,NOAA2006a
2005-07-01,2005-07-31,318,Nitrous oxide,NOAA2006a
2005-08-01,2005-08-31,318.5,Nitrous oxide,NOAA2006a
2005-09-01,2005-09-30,318.5,Nitrous oxide,NOAA2006a
2005-10-01,2005-10-31,319.1,Nitrous oxide,NOAA2006a
2005-11-01,2005-11-30,319.2,Nitrous oxide,NOAA2006a
2005-12-01,2005-12-31,321.1,Nitrous oxide,NOAA2006a
2006-01-01,2006-01-31,319.4,Nitrous oxide,NOAA2006a
2006-02-01,2006-02-28,319.7,Nitrous oxide,NOAA2006a
2006-03-01,2006-03-31,319.2,Nitrous oxide,NOAA2006a
2006-04-01,2006-04-30,320.8,Nitrous oxide,NOAA2006a
2006-05-01,2006-05-31,319.8,Nitrous oxide,NOAA2006a
2006-06-01,2006-06-30,319.4,Nitrous oxide,NOAA2006a
2006-07-01,2006-07-31,320.8,Nitrous oxide,NOAA2006a
2006-08-01,2006-08-31,319.9,Nitrous oxide,NOAA2006a
2006-09-01,2006-09-30,320.6,Nitrous oxide,NOAA2006a
2006-10-01,2006-10-31,320.2,Nitrous oxide,NOAA2006a
2006-11-01,2006-11-30,320.1,Nitrous oxide,NOAA2006a
2006-12-01,2006-12-31,320.5,Nitrous oxide,NOAA2006a
2007-01-01,2007-01-31,321.7,Nitrous oxide,NOAA2006a
2007-02-01,2007-02-28,320.2,Nitrous oxide,NOAA2006a
2007-03-01,2007-03-31,319.7,Nitrous oxide,NOAA2006a
2007-04-01,2007-04-30,319.4,Nitrous oxide,NOAA2006a
2007-05-01,2007-05-31,319.4,Nitrous oxide,NOAA2006a
2007-06-01,2007-06-30,319.2,Nitrous oxide,NOAA2006a
2007-07-01,2007-07-31,319.8,Nitrous oxide,NOAA2006a
2007-08-01,2007-08-31,320.2,Nitrous oxide,NOAA2006a
2007-09-01,2007-09-30,320.3,Nitrous oxide,NOAA2006a
2007-10-01,2007-10-31,320.1,Nitrous oxide,NOAA2006a
2007-11-01,2007-11-30,320,Nitrous oxide,NOAA2006a
2007-12-01,2007-12-31,320.7,Nitrous oxide,NOAA2006a
2008-01-01,2008-01-31,320.4,Nitrous oxide,NOAA2006a
2008-02-01,2008-02-29,320.8,Nitrous oxide,NOAA2006a
2008-03-01,2008-03-31,320.7,Nitrous oxide,NOAA2006a
2008-04-01,2008-04-30,320.6,Nitrous oxide,NOAA2006a
2008-05-01,2008-05-31,320.7,Nitrous oxide,NOAA2006a
2008-06-01,2008-06-30,320.5,Nitrous oxide,NOAA2006a
2008-07-01,2008-07-31,320.9,Nitrous oxide,NOAA2006a
2008-08-01,2008-08-31,320.9,Nitrous oxide,NOAA2006a
2008-09-01,2008-09-30,321.2,Nitrous oxide,NOAA2006a
2008-10-01,2008-10-31,321.5,Nitrous oxide,NOAA2006a
2008-11-01,2008-11-30,321,Nitrous oxide,NOAA2006a
2008-12-01,2008-12-31,321.9,Nitrous oxide,NOAA2006a
2009-01-01,2009-01-31,321.6,Nitrous oxide,NOAA2006a
2009-02-01,2009-02-28,321.6,Nitrous oxide,NOAA2006a
2009-03-01,2009-03-31,321.2,Nitrous oxide,NOAA2006a
2009-04-01,2009-04-30,320.9,Nitrous oxide,NOAA2006a
2009-05-01,2009-05-31,320.9,Nitrous oxide,NOAA2006a
2009-06-01,2009-06-30,321.2,Nitrous oxide,NOAA2006a
2009-07-01,2009-07-31,321,Nitrous oxide,NOAA2006a
2009-08-01,2009-08-31,321.4,Nitrous oxide,NOAA2006a
2009-09-01,2009-09-30,321.4,Nitrous oxide,NOAA2006a
2009-10-01,2009-10-31,321.8,Nitrous oxide,NOAA2006a
2009-11-01,2009-11-30,321.9,Nitrous oxide,NOAA2006a
2009-12-01,2009-12-31,321.9,Nitrous oxide,NOAA2006a
2010-01-01,2010-01-31,322.5,Nitrous oxide,NOAA2006a
2010-02-01,2010-02-28,322.2,Nitrous oxide,NOAA2006a
2010-03-01,2010-03-31,321.8,Nitrous oxide,NOAA2006a
2010-04-01,2010-04-30,322.1,Nitrous oxide,NOAA2006a
2010-05-01,2010-05-31,322.3,Nitrous oxide,NOAA2006a
2010-06-01,2010-06-30,322.2,Nitrous oxide,NOAA2006a
2010-07-01,2010-07-31,322.3,Nitrous oxide,NOAA2006a
2010-08-01,2010-08-31,322.9,Nitrous oxide,NOAA2006a
2010-09-01,2010-09-30,322.6,Nitrous oxide,NOAA2006a
2010-10-01,2010-10-31,322.7,Nitrous oxide,NOAA2006a
2010-11-01,2010-11-30,323.2,Nitrous oxide,NOAA2006a
2010-12-01,2010-12-31,322.9,Nitrous oxide,NOAA2006a
2011-01-01,2011-01-31,322.9,Nitrous oxide,NOAA2006a
2011-02-01,2011-02-28,323.2,Nitrous oxide,NOAA2006a
2011-03-01,2011-03-31,323.4,Nitrous oxide,NOAA2006a
2011-04-01,2011-04-30,323,Nitrous oxide,NOAA2006a
2011-05-01,2011-05-31,324.2,Nitrous oxide,NOAA2006a
2011-06-01,2011-06-30,323.3,Nitrous oxide,NOAA2006a
2011-07-01,2011-07-31,323.2,Nitrous oxide,NOAA2006a
2011-08-01,2011-08-31,323.5,Nitrous oxide,NOAA2006a
2011-09-01,2011-09-30,323.6,Nitrous oxide,NOAA2006a
2011-10-01,2011-10-31,324.1,Nitrous oxide,NOAA2006a
2011-11-01,2011-11-30,324,Nitrous oxide,NOAA2006a
2011-12-01,2011-12-31,324.6,Nitrous oxide,NOAA2006a
2012-01-01,2012-01-31,324.3,Nitrous oxide,NOAA2006a
2012-02-01,2012-02-29,324.1,Nitrous oxide,NOAA2006a
2012-03-01,2012-03-31,324.3,Nitrous oxide,NOAA2006a
2012-04-01,2012-04-30,324.4,Nitrous oxide,NOAA2006a
2012-05-01,2012-05-31,324,Nitrous oxide,NOAA2006a
2012-06-01,2012-06-30,324.2,Nitrous oxide,NOAA2006a
2012-07-01,2012-07-31,324.5,Nitrous oxide,NOAA2006a
2012-08-01,2012-08-31,324.7,Nitrous oxide,NOAA2006a
2012-09-01,2012-09-30,324.7,Nitrous oxide,NOAA2006a
2012-10-01,2012-10-31,325,Nitrous oxide,NOAA2006a
2012-11-01,2012-11-30,324.9,Nitrous oxide,NOAA2006a
2012-12-01,2012-12-31,324.9,Nitrous oxide,NOAA2006a
2013-01-01,2013-01-31,325.3,Nitrous oxide,NOAA2006a
2013-02-01,2013-02-28,325,Nitrous oxide,NOAA2006a
2013-03-01,2013-03-31,325.3,Nitrous oxide,NOAA2006a
2013-04-01,2013-04-30,325,Nitrous oxide,NOAA2006a
2013-05-01,2013-05-31,325.5,Nitrous oxide,NOAA2006a
2013-06-01,2013-06-30,325.4,Nitrous oxide,NOAA2006a
2013-07-01,2013-07-31,NA,Nitrous oxide,NOAA2006a
2013-08-01,2013-08-31,325.7,Nitrous oxide,NOAA2006a
2013-09-01,2013-09-30,326,Nitrous oxide,NOAA2006a
2013-10-01,2013-10-31,324.6,Nitrous oxide,NOAA2006a
2013-11-01,2013-11-30,326.3,Nitrous oxide,NOAA2006a
2013-12-01,2013-12-31,325.8,Nitrous oxide,NOAA2006a
2014-01-01,2014-01-31,326.2,Nitrous oxide,NOAA2006a
2014-02-01,2014-02-28,326.2,Nitrous oxide,NOAA2006a
2014-03-01,2014-03-31,326.3,Nitrous oxide,NOAA2006a
2014-04-01,2014-04-30,326.7,Nitrous oxide,NOAA2006a
2014-05-01,2014-05-31,326.1,Nitrous oxide,NOAA2006a
2014-06-01,2014-06-30,326.5,Nitrous oxide,NOAA2006a
2014-07-01,2014-07-31,326.6,Nitrous oxide,NOAA2006a
2014-08-01,2014-08-31,326.9,Nitrous oxide,NOAA2006a
2014-09-01,2014-09-30,326.8,Nitrous oxide,NOAA2006a
2014-10-01,2014-10-31,327.1,Nitrous oxide,NOAA2006a
2014-11-01,2014-11-30,327.2,Nitrous oxide,NOAA2006a
2014-12-01,2014-12-31,327.4,Nitrous oxide,NOAA2006a
2015-01-01,2015-01-31,327.5,Nitrous oxide,NOAA2006a
2015-02-01,2015-02-28,327.5,Nitrous oxide,NOAA2006a
2015-03-01,2015-03-31,327.5,Nitrous oxide,NOAA2006a
2015-04-01,2015-04-30,327.6,Nitrous oxide,NOAA2006a
2015-05-01,2015-05-31,NA,Nitrous oxide,NOAA2006a
2015-06-01,2015-06-30,327.3,Nitrous oxide,NOAA2006a
2015-07-01,2015-07-31,327.8,Nitrous oxide,NOAA2006a
2015-08-01,2015-08-31,NA,Nitrous oxide,NOAA2006a
2015-09-01,2015-09-30,328,Nitrous oxide,NOAA2006a
2015-10-01,2015-10-31,328.2,Nitrous oxide,NOAA2006a
2015-11-01,2015-11-30,328.2,Nitrous oxide,NOAA2006a
2015-12-01,2015-12-31,328.5,Nitrous oxide,NOAA2006a
2016-01-01,2016-01-31,328.3,Nitrous oxide,NOAA2006a
2016-02-01,2016-02-29,NA,Nitrous oxide,NOAA2006a
2016-03-01,2016-03-31,328,Nitrous oxide,NOAA2006a
2016-04-01,2016-04-30,327.5,Nitrous oxide,NOAA2006a
2016-05-01,2016-05-31,327.7,Nitrous oxide,NOAA2006a
2016-06-01,2016-06-30,327.8,Nitrous oxide,NOAA2006a
2016-07-01,2016-07-31,NA,Nitrous oxide,NOAA2006a
2016-08-01,2016-08-31,327.9,Nitrous oxide,NOAA2006a
2016-09-01,2016-09-30,328.3,Nitrous oxide,NOAA2006a
2016-10-01,2016-10-31,NA,Nitrous oxide,NOAA2006a
2016-11-01,2016-11-30,328.4,Nitrous oxide,NOAA2006a
2016-12-01,2016-12-31,NA,Nitrous oxide,NOAA2006a
2017-01-01,2017-01-31,328.6,Nitrous oxide,NOAA2006a
2017-02-01,2017-02-28,328.5,Nitrous oxide,NOAA2006a
2017-03-01,2017-03-31,328.4,Nitrous oxide,NOAA2006a
2017-04-01,2017-04-30,328.6,Nitrous oxide,NOAA2006a
2017-05-01,2017-05-31,328.5,Nitrous oxide,NOAA2006a
2017-06-01,2017-06-30,328.6,Nitrous oxide,NOAA2006a
2017-07-01,2017-07-31,329,Nitrous oxide,NOAA2006a
2017-08-01,2017-08-31,329.3,Nitrous oxide,NOAA2006a
2017-09-01,2017-09-30,329.9,Nitrous oxide,NOAA2006a
2017-10-01,2017-10-31,329.7,Nitrous oxide,NOAA2006a
2017-11-01,2017-11-30,330,Nitrous oxide,NOAA2006a
2017-12-01,2017-12-31,NA,Nitrous oxide,NOAA2006a
2018-01-01,2018-01-31,330.3,Nitrous oxide,NOAA2006a
2018-02-01,2018-02-28,330.5,Nitrous oxide,NOAA2006a
2018-03-01,2018-03-31,330.5,Nitrous oxide,NOAA2006a
2018-04-01,2018-04-30,330.3,Nitrous oxide,NOAA2006a
2018-05-01,2018-05-31,330.5,Nitrous oxide,NOAA2006a
2018-06-01,2018-06-30,330.1,Nitrous oxide,NOAA2006a
2018-07-01,2018-07-31,330,Nitrous oxide,NOAA2006a
2018-08-01,2018-08-31,330.7,Nitrous oxide,NOAA2006a
2018-09-01,2018-09-30,330.4,Nitrous oxide,NOAA2006a
2018-10-01,2018-10-31,330.9,Nitrous oxide,NOAA2006a
2018-11-01,2018-11-30,331.2,Nitrous oxide,NOAA2006a
2018-12-01,2018-12-31,331.4,Nitrous oxide,NOAA2006a
2019-01-01,2019-01-31,331.2,Nitrous oxide,NOAA2006a
2019-02-01,2019-02-28,330.9,Nitrous oxide,NOAA2006a
2019-03-01,2019-03-31,331.1,Nitrous oxide,NOAA2006a
2019-04-01,2019-04-30,330.6,Nitrous oxide,NOAA2006a
2019-05-01,2019-05-31,330.5,Nitrous oxide,NOAA2006a
2019-06-01,2019-06-30,330.3,Nitrous oxide,NOAA2006a
2019-07-01,2019-07-31,330.8,Nitrous oxide,NOAA2006a
2019-08-01,2019-08-31,331,Nitrous oxide,NOAA2006a
2019-09-01,2019-09-30,331.3,Nitrous oxide,NOAA2006a
2019-10-01,2019-10-31,330.9,Nitrous oxide,NOAA2006a
2019-11-01,2019-11-30,331.2,Nitrous oxide,NOAA2006a
2019-12-01,2019-12-31,331.5,Nitrous oxide,NOAA2006a
